tweet_id,text,airline_sentiment,airline,text_len,clean_text,clean_text_no_hashtag_emoji,challenge_types,has_challenge
567985715017072640,@united Y do U not reply to customer refund forms??????????? #unitedairlines,negative,United,76,<USER> Y do U not reply to customer refund forms??????????? #unitedairlines,<USER> Y do U not reply to customer refund forms???????????,"['negation', 'hashtag', 'elongation', 'slang']",True
568796551394549760,@USAirways I respect the stress of a merger but one rep to reschedule/replane 15 ppl who are already Late Flight? #youcandobetter,negative,US Airways,129,<USER> I respect the stress of a merger but one rep to reschedule/replane 15 ppl who are already Late Flight? #youcandobetter,<USER> I respect the stress of a merger but one rep to reschedule/replane 15 ppl who are already Late Flight?,"['hashtag', 'domain']",True
569527176350969856,"@SouthwestAir Thanks for the terrible service! Stranded in MDW for 2 days, &amp; now can't find confirmation for rebooked flight from MKE.",negative,Southwest,138,"<USER> Thanks for the terrible service! Stranded in MDW for 2 days, &amp; now can't find confirmation for rebooked flight from MKE.","<USER> Thanks for the terrible service! Stranded in MDW for 2 days, &amp; now can't find confirmation for rebooked flight from MKE.",['domain'],True
570057416718491649,@AmericanAir I really wanted to sign up for your airline credit card but your absurd $400 change fee to switch my flight made me think twice,negative,American,140,<USER> I really wanted to sign up for your airline credit card but your absurd $400 change fee to switch my flight made me think twice,<USER> I really wanted to sign up for your airline credit card but your absurd $400 change fee to switch my flight made me think twice,['domain'],True
568298659537915904,@united the best seats should be for paying customers and we should get to board first #badcustomerservice,negative,United,106,<USER> the best seats should be for paying customers and we should get to board first #badcustomerservice,<USER> the best seats should be for paying customers and we should get to board first,['hashtag'],True
570075916430397440,"@USAirways if it was so important, why did I wait on hold and then get hung up on by your computer?  #disappointed",negative,US Airways,114,"<USER> if it was so important, why did I wait on hold and then get hung up on by your computer? #disappointed","<USER> if it was so important, why did I wait on hold and then get hung up on by your computer?",['hashtag'],True
569655861297049600,@AmericanAir pleaseeee find my suitcase. I want deoderant and a clean shirt for work tomorrow :(,negative,American,96,<USER> pleaseeee find my suitcase. I want deoderant and a clean shirt for work tomorrow :(,<USER> pleaseeee find my suitcase. I want deoderant and a clean shirt for work tomorrow :(,['elongation'],True
569604507405037569,"@JetBlue flight from BOS - RSW tomorrow, all i need is my wife + 3yr old to sit together, but no option when checking in.",negative,Delta,121,"<USER> flight from BOS - RSW tomorrow, all i need is my wife + 3yr old to sit together, but no option when checking in.","<USER> flight from BOS - RSW tomorrow, all i need is my wife + 3yr old to sit together, but no option when checking in.","['negation', 'domain']",True
568153430776287233,@USAirways @DRVRugby  team is back home but luggage all wet and partly damaged - Not happy! #blizzard,negative,US Airways,101,<USER> <USER> team is back home but luggage all wet and partly damaged - Not happy! #blizzard,<USER> <USER> team is back home but luggage all wet and partly damaged - Not happy!,"['negation', 'hashtag', 'domain']",True
567840815331991552,@USAirways My Flight Booking Problems C68LD9 just times out when I select it under Manage My Flight Booking Problems for months now. I have emailed but no response. Help?,negative,US Airways,170,<USER> My Flight Booking Problems C68LD9 just times out when I select it under Manage My Flight Booking Problems for months now. I have emailed but no response. Help?,<USER> My Flight Booking Problems C68LD9 just times out when I select it under Manage My Flight Booking Problems for months now. I have emailed but no response. Help?,"['negation', 'domain']",True
569118675070005248,@USAirways told to work it out ourselves #joke #fail,negative,US Airways,52,<USER> told to work it out ourselves #joke #fail,<USER> told to work it out ourselves,['hashtag'],True
569649433635368961,@USAirways @AmericanAir Sitting at the gate on Flight 719 for an hour due to computers being down. What backup plan is in place for this??,negative,US Airways,138,<USER> <USER> Sitting at the gate on Flight 719 for an hour due to computers being down. What backup plan is in place for this??,<USER> <USER> Sitting at the gate on Flight 719 for an hour due to computers being down. What backup plan is in place for this??,['domain'],True
569641841454239744,@americanair never fails to disappoint. waiting at jfk an hour after scheduled take off and still no word on departure,negative,American,118,<USER> never fails to disappoint. waiting at jfk an hour after scheduled take off and still no word on departure,<USER> never fails to disappoint. waiting at jfk an hour after scheduled take off and still no word on departure,['negation'],True
569666477265018881,@VirginAmerica i need to change my flight thats scheduled in 9 hours and 120 min wait time on phone. Im calling intern. Help!!,negative,Virgin America,126,<USER> i need to change my flight thats scheduled in 9 hours and 120 min wait time on phone. Im calling intern. Help!!,<USER> i need to change my flight thats scheduled in 9 hours and 120 min wait time on phone. Im calling intern. Help!!,['domain'],True
568584104641368064,@united WHAT?! Y'all have zero concept of customer service. Oh...and now my connection is delayed too!,negative,United,102,<USER> WHAT?! Y'all have zero concept of customer service. Oh...and now my connection is delayed too!,<USER> WHAT?! Y'all have zero concept of customer service. Oh...and now my connection is delayed too!,"['elongation', 'domain']",True
569183494259273728,@SouthwestAir trying to rebook flight. On hold for 23 mins before disconnected and now almost 40 mins? Unbelievable. http://t.co/0BJNz4EIX5,negative,Southwest,139,<USER> trying to rebook flight. On hold for 23 mins before disconnected and now almost 40 mins? Unbelievable. <URL>,<USER> trying to rebook flight. On hold for 23 mins before disconnected and now almost 40 mins? Unbelievable. <URL>,['domain'],True
569555413450027011,@USAirways are the bags off Flight 1898 CLT to JFK? We landed last night just before midnight.,negative,US Airways,94,<USER> are the bags off Flight 1898 CLT to JFK? We landed last night just before midnight.,<USER> are the bags off Flight 1898 CLT to JFK? We landed last night just before midnight.,['domain'],True
569691079471050752,"@AmericanAir just Cancelled Flightled my 7 am flight tomorrow with out informing me at all today, then booked one in 2 days, and no customer service",negative,American,148,"<USER> just Cancelled Flightled my 7 am flight tomorrow with out informing me at all today, then booked one in 2 days, and no customer service","<USER> just Cancelled Flightled my 7 am flight tomorrow with out informing me at all today, then booked one in 2 days, and no customer service","['negation', 'domain']",True
568940291530493952,@JetBlue thanks for making me miss an important dinner tonight. 2 hr delay and now 20 min on Tarmac... #worst,negative,Delta,109,<USER> thanks for making me miss an important dinner tonight. 2 hr delay and now 20 min on Tarmac... #worst,<USER> thanks for making me miss an important dinner tonight. 2 hr delay and now 20 min on Tarmac...,"['hashtag', 'elongation', 'domain']",True
570239546673238017,"@USAirways Been on hold for 40 minutes, calling because my flight is delayed.  This type of service in not acceptable.",negative,US Airways,118,"<USER> Been on hold for 40 minutes, calling because my flight is delayed. This type of service in not acceptable.","<USER> Been on hold for 40 minutes, calling because my flight is delayed. This type of service in not acceptable.","['negation', 'domain']",True
569651085348110336,@USAirways it's flt 4827 to ELM - still no gate and still have to make it thru customs,negative,US Airways,86,<USER> it's flt 4827 to ELM - still no gate and still have to make it thru customs,<USER> it's flt 4827 to ELM - still no gate and still have to make it thru customs,"['negation', 'domain']",True
569739521291452416,"@JetBlue Woo! Update! Flight 915 is now possibly delayed by more than 2hrs!  Power of positive thinking, people.",negative,Delta,112,"<USER> Woo! Update! Flight 915 is now possibly delayed by more than 2hrs! Power of positive thinking, people.","<USER> Woo! Update! Flight 915 is now possibly delayed by more than 2hrs! Power of positive thinking, people.",['domain'],True
569211244693098496,"@united we are delayed in San Pedro, Belize. We are scheduled to fly out at 3pm from Belize City to Houston. Will you wait please?",negative,United,130,"<USER> we are delayed in San Pedro, Belize. We are scheduled to fly out at 3pm from Belize City to Houston. Will you wait please?","<USER> we are delayed in San Pedro, Belize. We are scheduled to fly out at 3pm from Belize City to Houston. Will you wait please?",['domain'],True
569078309033803776,"@SouthwestAir app error - says click here, can't click not hyperlinked http://t.co/IH5w9nfKz2",negative,Southwest,93,"<USER> app error - says click here, can't click not hyperlinked <URL>","<USER> app error - says click here, can't click not hyperlinked <URL>",['negation'],True
569918466821459968,"@united Hopefully my baggage fees will be waived tomorrow when I actually get on a flight, as well as compensation for my hotel room",negative,United,132,"<USER> Hopefully my baggage fees will be waived tomorrow when I actually get on a flight, as well as compensation for my hotel room","<USER> Hopefully my baggage fees will be waived tomorrow when I actually get on a flight, as well as compensation for my hotel room",['domain'],True
569623156337586177,"@USAirways please help! No bags, no way to get through to customer service since 8AM this morning! Help!!",negative,US Airways,105,"<USER> please help! No bags, no way to get through to customer service since 8AM this morning! Help!!","<USER> please help! No bags, no way to get through to customer service since 8AM this morning! Help!!",['negation'],True
567838174816395264,@SouthwestAir Not your finest moment in Boston right now!,negative,Southwest,57,<USER> Not your finest moment in Boston right now!,<USER> Not your finest moment in Boston right now!,['negation'],True
568624487031132162,@united Cancelled Flightled my flight for some unknown reason and haven't really given me anything to make my overnight layover tolerable,negative,United,137,<USER> Cancelled Flightled my flight for some unknown reason and haven't really given me anything to make my overnight layover tolerable,<USER> Cancelled Flightled my flight for some unknown reason and haven't really given me anything to make my overnight layover tolerable,['domain'],True
569897733466628097,@AmericanAir why are there only 2 agents at domestic check in at MIA?! WTF? Huge lines and many people with Cancelled Flightled flights.,negative,American,136,<USER> why are there only 2 agents at domestic check in at MIA?! WTF? Huge lines and many people with Cancelled Flightled flights.,<USER> why are there only 2 agents at domestic check in at MIA?! WTF? Huge lines and many people with Cancelled Flightled flights.,"['slang', 'domain']",True
569541291467522048,@USAirways why now just announce delay of 4478 from PVD when you knew captain was already on delayed flight coming in? Frustrating,negative,US Airways,130,<USER> why now just announce delay of 4478 from PVD when you knew captain was already on delayed flight coming in? Frustrating,<USER> why now just announce delay of 4478 from PVD when you knew captain was already on delayed flight coming in? Frustrating,['domain'],True
569564610837086209,"@VirginAmerica our flight into lga was Cancelled Flighted. We're stuck in Dallas. I called to reschedule, told I could get a flight for today...(1/2)",negative,Virgin America,149,"<USER> our flight into lga was Cancelled Flighted. We're stuck in Dallas. I called to reschedule, told I could get a flight for today...(1/2)","<USER> our flight into lga was Cancelled Flighted. We're stuck in Dallas. I called to reschedule, told I could get a flight for today...(1/2)","['elongation', 'domain']",True
569589493138731009,"@united - well, now finally on board hopefully we take off this time and quickly. Well over an hour delay!!",negative,United,107,"<USER> - well, now finally on board hopefully we take off this time and quickly. Well over an hour delay!!","<USER> - well, now finally on board hopefully we take off this time and quickly. Well over an hour delay!!",['domain'],True
568920810947272704,.@JetBlue i'm sorry.  Boarding chaos is underway.  Please query again post scrum.,negative,Delta,81,.<USER> i'm sorry. Boarding chaos is underway. Please query again post scrum.,.<USER> i'm sorry. Boarding chaos is underway. Please query again post scrum.,['domain'],True
568182544124014592,@JetBlue I am heading to JFK now just on principle alone to deal w my lost &amp; damaged bag. #jetblue #jetbluesucks #jfk #badservice #fail,negative,Delta,139,<USER> I am heading to JFK now just on principle alone to deal w my lost &amp; damaged bag. #jetblue #jetbluesucks #jfk #badservice #fail,<USER> I am heading to JFK now just on principle alone to deal w my lost &amp; damaged bag.,['hashtag'],True
569619569372823552,@VirginAmerica why can't we book seats on your flights when we buy them or even during check in? Creates so much anxiety! #frustrated,negative,Virgin America,133,<USER> why can't we book seats on your flights when we buy them or even during check in? Creates so much anxiety! #frustrated,<USER> why can't we book seats on your flights when we buy them or even during check in? Creates so much anxiety!,"['hashtag', 'domain']",True
570268160202567680,"@SouthwestAir was on flight 2373 from CHI-BUF last night, almost 2 hour delay cuz someone got on the plane without a pass - sounds safe. 1/2",negative,Southwest,140,"<USER> was on flight 2373 from CHI-BUF last night, almost 2 hour delay cuz someone got on the plane without a pass - sounds safe. 1/2","<USER> was on flight 2373 from CHI-BUF last night, almost 2 hour delay cuz someone got on the plane without a pass - sounds safe. 1/2",['domain'],True
569618659917893632,"@AmericanAir two hours Late Flightr and still waiting for a callback. Need to reschedule flight 1027, hopefully to the Late Flightr one tomo not Cancelled Flighted",negative,American,163,"<USER> two hours Late Flightr and still waiting for a callback. Need to reschedule flight 1027, hopefully to the Late Flightr one tomo not Cancelled Flighted","<USER> two hours Late Flightr and still waiting for a callback. Need to reschedule flight 1027, hopefully to the Late Flightr one tomo not Cancelled Flighted","['negation', 'domain']",True
570289521113366531,@SouthwestAir oh look you just delayed our flight an additional half hour now arriving at 6 officially five hours after planned. 😡😡😡😡😤😤😤,negative,Southwest,136,<USER> oh look you just delayed our flight an additional half hour now arriving at 6 officially five hours after planned. 😡😡😡😡😤😤😤,<USER> oh look you just delayed our flight an additional half hour now arriving at 6 officially five hours after planned.,"['emoji-heavy', 'elongation', 'domain']",True
569642078990258176,@united what is this subtlety gate changes? Are you kidding with me?,negative,United,68,<USER> what is this subtlety gate changes? Are you kidding with me?,<USER> what is this subtlety gate changes? Are you kidding with me?,['domain'],True
569972250385862656,@USAirways only happened because u couldn't get us home the next day. #flydelta #flysouthwest #flyjetblue #theyareallbetter #stillnobags,negative,US Airways,136,<USER> only happened because u couldn't get us home the next day. #flydelta #flysouthwest #flyjetblue #theyareallbetter #stillnobags,<USER> only happened because u couldn't get us home the next day.,"['hashtag', 'slang']",True
569616554922418177,@AmericanAir there was also not one single person at the counter answering questions for our plane full of confused people. No staff at all.,negative,American,140,<USER> there was also not one single person at the counter answering questions for our plane full of confused people. No staff at all.,<USER> there was also not one single person at the counter answering questions for our plane full of confused people. No staff at all.,['negation'],True
569007890029129728,@USAirways I was eventually given a flight to Memphis but only after I was taken off my original flight bc I was checked in as my father,negative,US Airways,136,<USER> I was eventually given a flight to Memphis but only after I was taken off my original flight bc I was checked in as my father,<USER> I was eventually given a flight to Memphis but only after I was taken off my original flight bc I was checked in as my father,['domain'],True
569587705937600512,"@AmericanAir my flight was Cancelled Flightled, leaving tomorrow morning. Auto rebooked for a Tuesday night flight but need to arrive Monday.",negative,American,141,"<USER> my flight was Cancelled Flightled, leaving tomorrow morning. Auto rebooked for a Tuesday night flight but need to arrive Monday.","<USER> my flight was Cancelled Flightled, leaving tomorrow morning. Auto rebooked for a Tuesday night flight but need to arrive Monday.",['domain'],True
569619861879590912,"@USAirways 24 hrs Late Flightr still not home. Hotel, rental car etc with a 5 yr old, what happened to ""customer service is our first priority""",negative,US Airways,143,"<USER> 24 hrs Late Flightr still not home. Hotel, rental car etc with a 5 yr old, what happened to ""customer service is our first priority""","<USER> 24 hrs Late Flightr still not home. Hotel, rental car etc with a 5 yr old, what happened to ""customer service is our first priority""","['negation', 'domain']",True
568561041774231553,"@united What happened this afternoon? Huge amt of incoming planes to SFO delayed over 1-2 hours.
Frustrating!",negative,United,109,<USER> What happened this afternoon? Huge amt of incoming planes to SFO delayed over 1-2 hours. Frustrating!,<USER> What happened this afternoon? Huge amt of incoming planes to SFO delayed over 1-2 hours. Frustrating!,['domain'],True
569854370726064132,"@USAirways. On hold 2hrs after my flight was Cancelled Flightled &amp; ""Anthony"" was beyond rude and not helpful! @AmericanAir they're weighing you down.",negative,US Airways,153,"<USER>. On hold 2hrs after my flight was Cancelled Flightled &amp; ""Anthony"" was beyond rude and not helpful! <USER> they're weighing you down.","<USER>. On hold 2hrs after my flight was Cancelled Flightled &amp; ""Anthony"" was beyond rude and not helpful! <USER> they're weighing you down.","['negation', 'domain']",True
568487509958774784,"@united MR, she's on her way now, but thought id detail the extravaganza for you... #dobetter #please http://t.co/V8PVpHMtZc",negative,United,124,"<USER> MR, she's on her way now, but thought id detail the extravaganza for you... #dobetter #please <URL>","<USER> MR, she's on her way now, but thought id detail the extravaganza for you... <URL>","['hashtag', 'elongation']",True
569849517077622786,@united funny I paid to check my bag and now flight 1086 is BEGGING folks to check bags for free 1 hour before flight. #notcool,negative,United,127,<USER> funny I paid to check my bag and now flight 1086 is BEGGING folks to check bags for free 1 hour before flight. #notcool,<USER> funny I paid to check my bag and now flight 1086 is BEGGING folks to check bags for free 1 hour before flight.,"['hashtag', 'domain']",True
568825463918833664,@united I have those notifications yet the staff on board say that is not accurate and they have no departure time.,negative,United,115,<USER> I have those notifications yet the staff on board say that is not accurate and they have no departure time.,<USER> I have those notifications yet the staff on board say that is not accurate and they have no departure time.,['negation'],True
568157049344937984,@united I had to change airports to actually get a flight out when my flight from FAY was Cancelled Flightled twice. $180 taxi ride to RDU--reimburse?,negative,United,150,<USER> I had to change airports to actually get a flight out when my flight from FAY was Cancelled Flightled twice. $180 taxi ride to RDU--reimburse?,<USER> I had to change airports to actually get a flight out when my flight from FAY was Cancelled Flightled twice. $180 taxi ride to RDU--reimburse?,['domain'],True
568638903097421824,@USAirways offloading the plane?!?!?! This is ridiculous!!!!,negative,US Airways,60,<USER> offloading the plane?!?!?! This is ridiculous!!!!,<USER> offloading the plane?!?!?! This is ridiculous!!!!,['elongation'],True
570226080457449472,@AmericanAir watch out if you are a parent...they break stroller &amp; tell you look at the fine print,negative,American,102,<USER> watch out if you are a parent...they break stroller &amp; tell you look at the fine print,<USER> watch out if you are a parent...they break stroller &amp; tell you look at the fine print,['elongation'],True
569976426163777536,@united you are easily the worst company I have ever experienced. You have lost someone's personal possessions &amp; you couldn't care less!....,negative,United,144,<USER> you are easily the worst company I have ever experienced. You have lost someone's personal possessions &amp; you couldn't care less!....,<USER> you are easily the worst company I have ever experienced. You have lost someone's personal possessions &amp; you couldn't care less!....,['elongation'],True
568241989453393920,@USAirways My wife had flight changes due to weather now she cant checkin to her return flight and it fails Is it possible usair Cancelled Flightled,negative,US Airways,148,<USER> My wife had flight changes due to weather now she cant checkin to her return flight and it fails Is it possible usair Cancelled Flightled,<USER> My wife had flight changes due to weather now she cant checkin to her return flight and it fails Is it possible usair Cancelled Flightled,['domain'],True
569493046557069313,@jetblue fly 2301 delayed do to ice at JFK ... Can I switch to a Late Flightr flight for free,negative,Delta,93,<USER> fly 2301 delayed do to ice at JFK ... Can I switch to a Late Flightr flight for free,<USER> fly 2301 delayed do to ice at JFK ... Can I switch to a Late Flightr flight for free,"['elongation', 'domain']",True
568517565548339200,"@VirginAmerica
wjere is our luggage #so slow at lax",negative,Virgin America,51,<USER> wjere is our luggage #so slow at lax,<USER> wjere is our luggage slow at lax,"['hashtag', 'domain']",True
569961410161192960,@united booked flights for 2 for $779. Was charged $389.50 twice. Means I can't redeem CC points properly. Would have gone elsewhere.,negative,United,133,<USER> booked flights for 2 for $779. Was charged $389.50 twice. Means I can't redeem CC points properly. Would have gone elsewhere.,<USER> booked flights for 2 for $779. Was charged $389.50 twice. Means I can't redeem CC points properly. Would have gone elsewhere.,['domain'],True
569661852235509762,@AmericanAir I did 50 times and no one was helpful I'm missing work nd school nd the manager REM from mia told me he didn't want to talk us,negative,American,139,<USER> I did 50 times and no one was helpful I'm missing work nd school nd the manager REM from mia told me he didn't want to talk us,<USER> I did 50 times and no one was helpful I'm missing work nd school nd the manager REM from mia told me he didn't want to talk us,['negation'],True
569691144897953793,@SouthwestAir A-list preferred. DEN-DAL flight Cancelled Flightled 30 min prior to boarding. Best option was Tue afternoon. Seriously?!? Epic fail.,negative,Southwest,147,<USER> A-list preferred. DEN-DAL flight Cancelled Flightled 30 min prior to boarding. Best option was Tue afternoon. Seriously?!? Epic fail.,<USER> A-list preferred. DEN-DAL flight Cancelled Flightled 30 min prior to boarding. Best option was Tue afternoon. Seriously?!? Epic fail.,['domain'],True
568616966191226880,@united I'm over you. Evry 1st flight I take w/ you is delayed &amp; evry 2nd is on time so its missed evry time. #lastflightofthenight #breakup,negative,United,144,<USER> I'm over you. Evry 1st flight I take w/ you is delayed &amp; evry 2nd is on time so its missed evry time. #lastflightofthenight #breakup,<USER> I'm over you. Evry 1st flight I take w/ you is delayed &amp; evry 2nd is on time so its missed evry time.,"['hashtag', 'domain']",True
569817051482726400,"@USAirways so she has to take a Late Flightr flight booked by her corporate (Disney) travel dept, as your agent offered little help",negative,US Airways,131,"<USER> so she has to take a Late Flightr flight booked by her corporate (Disney) travel dept, as your agent offered little help","<USER> so she has to take a Late Flightr flight booked by her corporate (Disney) travel dept, as your agent offered little help",['domain'],True
569207235953307648,"@SouthwestAir, been on hold for an over an hour now - when can we expect some customer service? #disappointed",negative,Southwest,109,"<USER>, been on hold for an over an hour now - when can we expect some customer service? #disappointed","<USER>, been on hold for an over an hour now - when can we expect some customer service?",['hashtag'],True
569620910019182592,"@JetBlue you've let me down. 2:15 delay at JFK because of inbound flight from Syracuse, really? #ishouldhavedriven",negative,Delta,114,"<USER> you've let me down. 2:15 delay at JFK because of inbound flight from Syracuse, really? #ishouldhavedriven","<USER> you've let me down. 2:15 delay at JFK because of inbound flight from Syracuse, really?","['hashtag', 'domain']",True
567773176031145984,@JetBlue I'll give u a chance but I don't think I'll fall for it #backtodelta,negative,Delta,77,<USER> I'll give u a chance but I don't think I'll fall for it #backtodelta,<USER> I'll give u a chance but I don't think I'll fall for it,"['hashtag', 'slang']",True
568801885567606784,@united no wifi on #ua688 #SF to #Chicago? 2015. That's all. Ps: This tech intro video is a joke. #EpicFail,negative,United,107,<USER> no wifi on #ua688 #SF to #Chicago? 2015. That's all. Ps: This tech intro video is a joke. #EpicFail,<USER> no wifi on to ? 2015. That's all. Ps: This tech intro video is a joke.,"['negation', 'hashtag']",True
569680231012773888,@AmericanAir  800 number will not even let you wait for next customer rep. Very frustrating. Can't talk to humans.,negative,American,114,<USER> 800 number will not even let you wait for next customer rep. Very frustrating. Can't talk to humans.,<USER> 800 number will not even let you wait for next customer rep. Very frustrating. Can't talk to humans.,['negation'],True
570250617379168256,@AmericanAir and it's not a inconvenience it is a disaster. It's A $500 phone bill from you that you refuse to pay,negative,American,114,<USER> and it's not a inconvenience it is a disaster. It's A $500 phone bill from you that you refuse to pay,<USER> and it's not a inconvenience it is a disaster. It's A $500 phone bill from you that you refuse to pay,['negation'],True
569587188687634433,"@AmericanAir you have my money, you change my flight, and don't answer your phones! Any other suggestions so I can make my commitment??",negative,American,135,"<USER> you have my money, you change my flight, and don't answer your phones! Any other suggestions so I can make my commitment??","<USER> you have my money, you change my flight, and don't answer your phones! Any other suggestions so I can make my commitment??",['domain'],True
569748937545883648,@AmericanAir thanks for your apology but it's a bit Late Flight. Cancelled Flighting a flight more than 24 hrs in advance due to weather is ridiculous. We,negative,American,154,<USER> thanks for your apology but it's a bit Late Flight. Cancelled Flighting a flight more than 24 hrs in advance due to weather is ridiculous. We,<USER> thanks for your apology but it's a bit Late Flight. Cancelled Flighting a flight more than 24 hrs in advance due to weather is ridiculous. We,['domain'],True
568861309384728577,"@JetBlue No, it is one I'm trying to make, but it is probably too Late Flight. I did not see an email that I could call. Pittsburgh International.",negative,Delta,146,"<USER> No, it is one I'm trying to make, but it is probably too Late Flight. I did not see an email that I could call. Pittsburgh International.","<USER> No, it is one I'm trying to make, but it is probably too Late Flight. I did not see an email that I could call. Pittsburgh International.","['negation', 'domain']",True
568856823048089600,@SouthwestAir I have a question re: your ATL companion pass offer. I know I need 3 revenue flight roundtrips. What's a revenue flight? thnx,neutral,Southwest,139,<USER> I have a question re: your ATL companion pass offer. I know I need 3 revenue flight roundtrips. What's a revenue flight? thnx,<USER> I have a question re: your ATL companion pass offer. I know I need 3 revenue flight roundtrips. What's a revenue flight? thnx,['domain'],True
567829689600892928,@SouthwestAir how are flights looking for tomorrow morning from #Nashville (BNA) to Fort Lauderdale (FLL) ?!,neutral,Southwest,108,<USER> how are flights looking for tomorrow morning from #Nashville (BNA) to Fort Lauderdale (FLL) ?!,<USER> how are flights looking for tomorrow morning from (BNA) to Fort Lauderdale (FLL) ?!,"['hashtag', 'domain']",True
568088472772157440,@VirginAmerica to start 5xweekly #A319 flights from to #Dallas @DallasLoveField #Austin on 28APR #avgeek,neutral,Virgin America,104,<USER> to start 5xweekly #A319 flights from to #Dallas <USER> #Austin on 28APR #avgeek,<USER> to start 5xweekly flights from to <USER> on 28APR,"['hashtag', 'domain']",True
568970344154836993,@JetBlue flight 1183 to Orlando.,neutral,Delta,32,<USER> flight 1183 to Orlando.,<USER> flight 1183 to Orlando.,['domain'],True
568785867743105024,@JetBlue I hope so. The plane does appear to be leaving a nearby terminal for our gate.,neutral,Delta,87,<USER> I hope so. The plane does appear to be leaving a nearby terminal for our gate.,<USER> I hope so. The plane does appear to be leaving a nearby terminal for our gate.,['domain'],True
569939932191559680,@JetBlue lol the fleet on fleek... i see yall ballin... new jets on deck..,neutral,Delta,74,<USER> lol the fleet on fleek... i see yall ballin... new jets on deck..,<USER> lol the fleet on fleek... i see yall ballin... new jets on deck..,"['elongation', 'slang']",True
569364890307190784,@united if I was rebooked do I have to pick up my luggage?,neutral,United,58,<USER> if I was rebooked do I have to pick up my luggage?,<USER> if I was rebooked do I have to pick up my luggage?,['domain'],True
570048528602374144,@united My mom left her Kindle on flight 1544 today. Burgundy case with a light. Seat 27D. Did anyone find it?,neutral,United,110,<USER> My mom left her Kindle on flight 1544 today. Burgundy case with a light. Seat 27D. Did anyone find it?,<USER> My mom left her Kindle on flight 1544 today. Burgundy case with a light. Seat 27D. Did anyone find it?,['domain'],True
568656758027063296,@united hello. I got off a flight a few months ago and constantly think about your peanuts. Is there anyway you could send me some?,neutral,United,131,<USER> hello. I got off a flight a few months ago and constantly think about your peanuts. Is there anyway you could send me some?,<USER> hello. I got off a flight a few months ago and constantly think about your peanuts. Is there anyway you could send me some?,['domain'],True
570305051819941889,"@AmericanAir my flight got Cancelled Flightled from GRK to DFW, then to LEX for tomorrow and I need it rebooked.",neutral,American,112,"<USER> my flight got Cancelled Flightled from GRK to DFW, then to LEX for tomorrow and I need it rebooked.","<USER> my flight got Cancelled Flightled from GRK to DFW, then to LEX for tomorrow and I need it rebooked.",['domain'],True
570178443167571968,Lol great answer.. “@AmericanAir: @JayFranceschi Our agents are checking in passengers as quickly as possible. We appreciate your patience.”,neutral,American,140,Lol great answer.. “<USER>: <USER> Our agents are checking in passengers as quickly as possible. We appreciate your patience.”,Lol great answer.. “<USER>: <USER> Our agents are checking in passengers as quickly as possible. We appreciate your patience.”,"['slang', 'domain']",True
569186177238110208,@SouthwestAir it's never too Late Flight to do the right thing,neutral,Southwest,62,<USER> it's never too Late Flight to do the right thing,<USER> it's never too Late Flight to do the right thing,"['negation', 'domain']",True
567741700597366784,@United Is Changing Its #MileagePlus Program: Winners and Losers http://t.co/38OTLzAK5d #airline #travel #loyalty #rewards,neutral,United,122,<USER> Is Changing Its #MileagePlus Program: Winners and Losers <URL> #airline #travel #loyalty #rewards,<USER> Is Changing Its Program: Winners and Losers <URL>,['hashtag'],True
567811407309185024,@SouthwestAir On flight 771 tomorrow (Wed 2/18) DEN-BNA. Will we be delayed or Cancelled Flightled?,neutral,Southwest,99,<USER> On flight 771 tomorrow (Wed 2/18) DEN-BNA. Will we be delayed or Cancelled Flightled?,<USER> On flight 771 tomorrow (Wed 2/18) DEN-BNA. Will we be delayed or Cancelled Flightled?,['domain'],True
569960497312768000,“@JetBlue: Our fleet's on fleek. http://t.co/FVYzjLDTON” 🚶🚶🚶🚶,neutral,Delta,61,“<USER>: Our fleet's on fleek. <URL> 🚶🚶🚶🚶,“<USER>: Our fleet's on fleek. <URL>,"['emoji-heavy', 'elongation']",True
568672781979619328,"@jetblue Havana, Cuba - To share my love of photography and leave pictures behind, as well as to deliver much-needed items. #flyingitforward",neutral,Delta,140,"<USER> Havana, Cuba - To share my love of photography and leave pictures behind, as well as to deliver much-needed items. #flyingitforward","<USER> Havana, Cuba - To share my love of photography and leave pictures behind, as well as to deliver much-needed items.",['hashtag'],True
567921252901367808,@SouthwestAir What are your services? What promotion you have at the moment? #ModeloDeNegocio #innovation #innovacion #BusinessModel,neutral,Southwest,132,<USER> What are your services? What promotion you have at the moment? #ModeloDeNegocio #innovation #innovacion #BusinessModel,<USER> What are your services? What promotion you have at the moment?,['hashtag'],True
569221517298368512,"@united I'm aware, I fly a lot :) Just sad I had to change my shoes (boots), ha! #HappyFlight",neutral,United,93,"<USER> I'm aware, I fly a lot :) Just sad I had to change my shoes (boots), ha! #HappyFlight","<USER> I'm aware, I fly a lot :) Just sad I had to change my shoes (boots), ha!","['hashtag', 'domain']",True
570274417546113025,"@USAirways I left my personal stuff on US4551 from PHL-BOS about an hour ago. Went baggage, was told plane left to call 800#",neutral,US Airways,124,"<USER> I left my personal stuff on US4551 from PHL-BOS about an hour ago. Went baggage, was told plane left to call 800#","<USER> I left my personal stuff on US4551 from PHL-BOS about an hour ago. Went baggage, was told plane left to call 800#",['domain'],True
569021943828983808,@SouthwestAir I have a flight on Sunday the 22nd to Columbus from Denver. I just got a travel alert on my southwest app. Is the rescheduling,neutral,Southwest,140,<USER> I have a flight on Sunday the 22nd to Columbus from Denver. I just got a travel alert on my southwest app. Is the rescheduling,<USER> I have a flight on Sunday the 22nd to Columbus from Denver. I just got a travel alert on my southwest app. Is the rescheduling,['domain'],True
568246970126438400,@USAirways I found a flight I want on @CheapOair. Is my @AmericanAir AA Advantage # applicable to earn miles on it since you're merging?,neutral,US Airways,136,<USER> I found a flight I want on <USER>. Is my <USER> AA Advantage # applicable to earn miles on it since you're merging?,<USER> I found a flight I want on <USER>. Is my <USER> AA Advantage # applicable to earn miles on it since you're merging?,['domain'],True
569939458965032963,"@JetBlue Awww man...but I need to buy this ticket today and be home the 1st of March

Where do I go for this...or can you assist me ?",neutral,Delta,133,<USER> Awww man...but I need to buy this ticket today and be home the 1st of March Where do I go for this...or can you assist me ?,<USER> Awww man...but I need to buy this ticket today and be home the 1st of March Where do I go for this...or can you assist me ?,['elongation'],True
568604899870711808,@SouthwestAir give me tickets to atlanta! I would do anything!  Anything 😆,neutral,Southwest,74,<USER> give me tickets to atlanta! I would do anything! Anything 😆,<USER> give me tickets to atlanta! I would do anything! Anything,['emoji-heavy'],True
569666428388958209,@united left my iPad on MCO-&gt;IAD flight 174. How long to hear back once claim submitted? TY!,neutral,United,95,<USER> left my iPad on MCO-&gt;IAD flight 174. How long to hear back once claim submitted? TY!,<USER> left my iPad on MCO-&gt;IAD flight 174. How long to hear back once claim submitted? TY!,['domain'],True
568307768551026688,@VirginAmerica Atlantic ploughs a lone furrow in the #MiddleEast http://t.co/vw4P4T4tLh @TheNationalUAE,neutral,Virgin America,103,<USER> Atlantic ploughs a lone furrow in the #MiddleEast <URL> <USER>,<USER> Atlantic ploughs a lone furrow in the <URL> <USER>,['hashtag'],True
570065037231927296,@united where is my flight voucher?,neutral,United,35,<USER> where is my flight voucher?,<USER> where is my flight voucher?,['domain'],True
569181501830656000,@USAirways how do you have only 1 flight into lexington this afternoon with the #1 @KentuckyMBB playing a big game tonight?  #DoBetter,neutral,US Airways,134,<USER> how do you have only 1 flight into lexington this afternoon with the #1 <USER> playing a big game tonight? #DoBetter,<USER> how do you have only 1 flight into lexington this afternoon with the <USER> playing a big game tonight?,"['hashtag', 'domain']",True
568904684561408000,@united please tell me I'm going to make my connecting flight from O'hare to #STL #SouthBendINWhere 🙏 http://t.co/qGwK10dEwv,neutral,United,124,<USER> please tell me I'm going to make my connecting flight from O'hare to #STL #SouthBendINWhere 🙏 <URL>,<USER> please tell me I'm going to make my connecting flight from O'hare to <URL>,"['emoji-heavy', 'hashtag', 'domain']",True
569956658199134208,@AmericanAir is there a probability that flight 1330 from DFW to DTW will be delayed or Cancelled Flighted?,neutral,American,107,<USER> is there a probability that flight 1330 from DFW to DTW will be delayed or Cancelled Flighted?,<USER> is there a probability that flight 1330 from DFW to DTW will be delayed or Cancelled Flighted?,['domain'],True
569613611510960128,@AmericanAir Hi guys checking in US/AA 639 JFK PHX and renewed Admirals Club today.,neutral,American,83,<USER> Hi guys checking in US/AA 639 JFK PHX and renewed Admirals Club today.,<USER> Hi guys checking in US/AA 639 JFK PHX and renewed Admirals Club today.,['domain'],True
569604469324967938,"@JetBlue is your partnership with Hawaiian live? Earn Hawaiian miles flying Jetblue ? IF so, how do I add @HawaiianAir to my JB Flight Booking Problems ?",neutral,Delta,153,"<USER> is your partnership with Hawaiian live? Earn Hawaiian miles flying Jetblue ? IF so, how do I add <USER> to my JB Flight Booking Problems ?","<USER> is your partnership with Hawaiian live? Earn Hawaiian miles flying Jetblue ? IF so, how do I add <USER> to my JB Flight Booking Problems ?",['domain'],True
569970775517741056,"@AmericanAir Hi, did the discount award policy for credit card holders change? No longer seeing the chart of specials on the site. Thanks!",neutral,American,138,"<USER> Hi, did the discount award policy for credit card holders change? No longer seeing the chart of specials on the site. Thanks!","<USER> Hi, did the discount award policy for credit card holders change? No longer seeing the chart of specials on the site. Thanks!",['negation'],True
570271574462369793,"@AmericanAir we are off to Kax premium.  Hoping this flight is better food, TV now I know how to work it and service. Tnx",neutral,American,121,"<USER> we are off to Kax premium. Hoping this flight is better food, TV now I know how to work it and service. Tnx","<USER> we are off to Kax premium. Hoping this flight is better food, TV now I know how to work it and service. Tnx",['domain'],True
568525567575744512,@united how do you go fr Silver Elite for two straight years to group 5 all the time?  I get no group 2 but maybe 3 or 4?  What's up?,neutral,United,133,<USER> how do you go fr Silver Elite for two straight years to group 5 all the time? I get no group 2 but maybe 3 or 4? What's up?,<USER> how do you go fr Silver Elite for two straight years to group 5 all the time? I get no group 2 but maybe 3 or 4? What's up?,['negation'],True
567797955202416641,@united  @MrAndyEp like 2 weeks after my flight!?!? Creative!,neutral,United,61,<USER> <USER> like 2 weeks after my flight!?!? Creative!,<USER> <USER> like 2 weeks after my flight!?!? Creative!,['domain'],True
569865352986951680,"@SouthwestAir 
How do I get a companion pass??? Thanks,  Lin S",neutral,Southwest,62,"<USER> How do I get a companion pass??? Thanks, Lin S","<USER> How do I get a companion pass??? Thanks, Lin S",['elongation'],True
570263313306615810,"@AmericanAir When Flight Booking Problems an int'l flight online, do I have to provide a passport number when Flight Booking Problems or just when I arrive at airport?",neutral,American,167,"<USER> When Flight Booking Problems an int'l flight online, do I have to provide a passport number when Flight Booking Problems or just when I arrive at airport?","<USER> When Flight Booking Problems an int'l flight online, do I have to provide a passport number when Flight Booking Problems or just when I arrive at airport?",['domain'],True
568483491819753472,Bruh “@VirginAmerica: @giannilee Turn down for what. #VXSafetyDance”,neutral,Virgin America,68,Bruh “<USER>: <USER> Turn down for what. #VXSafetyDance”,Bruh “<USER>: <USER> Turn down for what. ”,['hashtag'],True
568526769373859841,"@SouthwestAir CEO Gary Kelly, ""You all are absolutely my heroes!"" #SouthwestRally #BWI #bestemployees #swaculture http://t.co/JTxyHQHfJJ",neutral,Southwest,136,"<USER> CEO Gary Kelly, ""You all are absolutely my heroes!"" #SouthwestRally #BWI #bestemployees #swaculture <URL>","<USER> CEO Gary Kelly, ""You all are absolutely my heroes!"" <URL>",['hashtag'],True
570130792443039744,@AmericanAir yes. No one is answering and I'm on a train,neutral,American,56,<USER> yes. No one is answering and I'm on a train,<USER> yes. No one is answering and I'm on a train,['negation'],True
568515166410653696,@SouthwestAir will you ever have a nonstop from #SJC to #BNA?? We'll take #SFO or #OAK too! Pleaseeeeee thank you!,neutral,Southwest,114,<USER> will you ever have a nonstop from #SJC to #BNA?? We'll take #SFO or #OAK too! Pleaseeeeee thank you!,<USER> will you ever have a nonstop from to ?? We'll take or too! Pleaseeeeee thank you!,"['hashtag', 'elongation']",True
567992830943223808,"@JetBlue @_justdippin_ drops a new video off the upcoming project #TheTakeover, produced by YpOnTheBeat https://t.co/IKQBdZA7TN RT",neutral,Delta,130,"<USER> <USER> drops a new video off the upcoming project #TheTakeover, produced by YpOnTheBeat <URL> RT","<USER> <USER> drops a new video off the upcoming project , produced by YpOnTheBeat <URL> RT",['hashtag'],True
570128847439417344,@AmericanAir just hoping/praying for a safe flight. They've had to stop and de-ice our plane yet again😞,neutral,American,103,<USER> just hoping/praying for a safe flight. They've had to stop and de-ice our plane yet again😞,<USER> just hoping/praying for a safe flight. They've had to stop and de-ice our plane yet again,"['emoji-heavy', 'domain']",True
569600599588630529,@AmericanAir please help us get home tomorrow!!!!!,neutral,American,50,<USER> please help us get home tomorrow!!!!!,<USER> please help us get home tomorrow!!!!!,['elongation'],True
569860989400649729,@united I've got a campus visit in an hour and I'm still wearing the same clothes...,neutral,United,84,<USER> I've got a campus visit in an hour and I'm still wearing the same clothes...,<USER> I've got a campus visit in an hour and I'm still wearing the same clothes...,['elongation'],True
570275536406253568,@AmericanAir origin/destination/dates are the same. Going from US Airways connecting flight to AA direct flight. Award is saver level.,neutral,American,134,<USER> origin/destination/dates are the same. Going from US Airways connecting flight to AA direct flight. Award is saver level.,<USER> origin/destination/dates are the same. Going from US Airways connecting flight to AA direct flight. Award is saver level.,['domain'],True
569940702425169920,No. RT @JetBlue Our fleet's on fleek.,neutral,Delta,37,No. RT <USER> Our fleet's on fleek.,No. RT <USER> Our fleet's on fleek.,['negation'],True
570255224155348992,"@USAirways Is there a phone line to call into that isn't being affected by ""bad weather""? Trying to book a vacation, here... 👀",neutral,US Airways,126,"<USER> Is there a phone line to call into that isn't being affected by ""bad weather""? Trying to book a vacation, here... 👀","<USER> Is there a phone line to call into that isn't being affected by ""bad weather""? Trying to book a vacation, here...","['emoji-heavy', 'elongation']",True
568894996683870208,@united or frontier ... http://t.co/n8WiNFu6C5,neutral,United,46,<USER> or frontier ... <URL>,<USER> or frontier ... <URL>,['elongation'],True
568138258108051457,@united my reservation were changed so that I can longer make my connecting flight. How can I change this without incurring a fee?,neutral,United,130,<USER> my reservation were changed so that I can longer make my connecting flight. How can I change this without incurring a fee?,<USER> my reservation were changed so that I can longer make my connecting flight. How can I change this without incurring a fee?,['domain'],True
568210087212388353,@SouthwestAir @Imaginedragons any info on #DestinationDragons ?? me &amp; @sammi_jon3s need to know..,neutral,Southwest,101,<USER> <USER> any info on #DestinationDragons ?? me &amp; <USER> need to know..,<USER> <USER> any info on ?? me &amp; <USER> need to know..,['hashtag'],True
568053507179163648,@USAirways How long does it take to receive ticket # from @AmericanAir for itin booked via http://t.co/79waJk7EyT on US flights?,neutral,US Airways,128,<USER> How long does it take to receive ticket # from <USER> for itin booked via <URL> on US flights?,<USER> How long does it take to receive ticket # from <USER> for itin booked via <URL> on US flights?,['domain'],True
569938090510454784,"@JetBlue ....you haven't got me just yet

Can a 1 way LAX-NYC cost me under 190?",neutral,Delta,80,<USER> ....you haven't got me just yet Can a 1 way LAX-NYC cost me under 190?,<USER> ....you haven't got me just yet Can a 1 way LAX-NYC cost me under 190?,['elongation'],True
567794573495250944,"@united No, I do not. I was only given a Flight Booking Problems reference number.",neutral,United,82,"<USER> No, I do not. I was only given a Flight Booking Problems reference number.","<USER> No, I do not. I was only given a Flight Booking Problems reference number.","['negation', 'domain']",True
567899604605218816,@SouthwestAir snow forecasted for Raleigh NC tomorrow night. Need to know if there's a plan to reschedule flights into RDU Wednesday night,neutral,Southwest,138,<USER> snow forecasted for Raleigh NC tomorrow night. Need to know if there's a plan to reschedule flights into RDU Wednesday night,<USER> snow forecasted for Raleigh NC tomorrow night. Need to know if there's a plan to reschedule flights into RDU Wednesday night,['domain'],True
570250053710819328,@united thanks for the info I already knew...,neutral,United,45,<USER> thanks for the info I already knew...,<USER> thanks for the info I already knew...,['elongation'],True
567805458053099520,@JetBlue No not yet. I will notify them. I'm new at this! 😊,neutral,Delta,59,<USER> No not yet. I will notify them. I'm new at this! 😊,<USER> No not yet. I will notify them. I'm new at this!,"['negation', 'emoji-heavy']",True
569988078015815680,"@United will not have to honor absurdly low mistake fares.
http://t.co/2Z3Jv73IlW vía @usatoday",neutral,United,95,<USER> will not have to honor absurdly low mistake fares. <URL> vía <USER>,<USER> will not have to honor absurdly low mistake fares. <URL> vía <USER>,['negation'],True
569998842579566592,@SouthwestAir Could you maybe hook (@FuyukaiDesuYo ) with some imagine dragon tickets tonight! SHES a HUGEEEEE FAN &amp; would really love to go,neutral,Southwest,144,<USER> Could you maybe hook (<USER> ) with some imagine dragon tickets tonight! SHES a HUGEEEEE FAN &amp; would really love to go,<USER> Could you maybe hook (<USER> ) with some imagine dragon tickets tonight! SHES a HUGEEEEE FAN &amp; would really love to go,['elongation'],True
567745507834220546,@USAirways is there any way that you could hold flight 628 in CLT my husband is stuck in the security check line. flight scheduled for 1PM,neutral,US Airways,138,<USER> is there any way that you could hold flight 628 in CLT my husband is stuck in the security check line. flight scheduled for 1PM,<USER> is there any way that you could hold flight 628 in CLT my husband is stuck in the security check line. flight scheduled for 1PM,['domain'],True
567734115899027457,@SouthwestAir - any update on flights in to BNA today?,neutral,Southwest,54,<USER> - any update on flights in to BNA today?,<USER> - any update on flights in to BNA today?,['domain'],True
569669669948424192,@AmericanAir @superyan I did hear a last call for boarding of this flight when I was at JFK a few hours ago. good luck w/flights!,neutral,American,129,<USER> <USER> I did hear a last call for boarding of this flight when I was at JFK a few hours ago. good luck w/flights!,<USER> <USER> I did hear a last call for boarding of this flight when I was at JFK a few hours ago. good luck w/flights!,['domain'],True
569552374882299904,@united what's the status of flight 1008 Bogotá-Houston?,neutral,United,56,<USER> what's the status of flight 1008 Bogotá-Houston?,<USER> what's the status of flight 1008 Bogotá-Houston?,['domain'],True
569912888866906112,@AmericanAir this receipt doesn't show the evoucher value nor does it mention having used an evoucher,neutral,American,101,<USER> this receipt doesn't show the evoucher value nor does it mention having used an evoucher,<USER> this receipt doesn't show the evoucher value nor does it mention having used an evoucher,['negation'],True
568454694756069376,@united @perfectomobile Definately not an award for employer of the year #united13,neutral,United,82,<USER> <USER> Definately not an award for employer of the year #united13,<USER> <USER> Definately not an award for employer of the year,"['negation', 'hashtag']",True
568841528455659520,@united I looked on the email chain and there is not one,neutral,United,56,<USER> I looked on the email chain and there is not one,<USER> I looked on the email chain and there is not one,['negation'],True
568751647809273856,"@JetBlue Spent most of the winter in NNY with Mom,  JetBlue will take me home to FL via BOS on Mon. Miss hubby, kitties, warm #countingdown",neutral,Delta,139,"<USER> Spent most of the winter in NNY with Mom, JetBlue will take me home to FL via BOS on Mon. Miss hubby, kitties, warm #countingdown","<USER> Spent most of the winter in NNY with Mom, JetBlue will take me home to FL via BOS on Mon. Miss hubby, kitties, warm",['hashtag'],True
569524522291892226,@USAirways i ve been told that you get a percentage on every plastic bottle that is sold around yout departure section...turn up the heat,neutral,US Airways,137,<USER> i ve been told that you get a percentage on every plastic bottle that is sold around yout departure section...turn up the heat,<USER> i ve been told that you get a percentage on every plastic bottle that is sold around yout departure section...turn up the heat,['elongation'],True
570012849067720704,"@JetBlue No, it's weird!! I picked other cities just to test, those worked...not the one I want. Works on phone though, so I'll use that.",neutral,Delta,137,"<USER> No, it's weird!! I picked other cities just to test, those worked...not the one I want. Works on phone though, so I'll use that.","<USER> No, it's weird!! I picked other cities just to test, those worked...not the one I want. Works on phone though, so I'll use that.","['negation', 'elongation']",True
570086434410930176,@AmericanAir do you have hand sanitizer in the bathrooms on your flights?,neutral,American,73,<USER> do you have hand sanitizer in the bathrooms on your flights?,<USER> do you have hand sanitizer in the bathrooms on your flights?,['domain'],True
567821528424845312,"@JetBlue we have just landed, thank you anyway. Btw, flight staff on flight 654 were wonderful despite their full day and heavy load.",positive,Delta,133,"<USER> we have just landed, thank you anyway. Btw, flight staff on flight 654 were wonderful despite their full day and heavy load.","<USER> we have just landed, thank you anyway. Btw, flight staff on flight 654 were wonderful despite their full day and heavy load.","['slang', 'domain']",True
568215213620637696,@united is officially my favorite airline. They have created magic for me all day!!! #friendlyskies #careyon,positive,United,108,<USER> is officially my favorite airline. They have created magic for me all day!!! #friendlyskies #careyon,<USER> is officially my favorite airline. They have created magic for me all day!!!,"['hashtag', 'elongation']",True
570031379456643072,@United THANK U! Secured room for the night Thx to VERY helpful customer service rep N. Dorns.. I thanked her.. Can u 2? #goodenoughmother,positive,United,138,<USER> THANK U! Secured room for the night Thx to VERY helpful customer service rep N. Dorns.. I thanked her.. Can u 2? #goodenoughmother,<USER> THANK U! Secured room for the night Thx to VERY helpful customer service rep N. Dorns.. I thanked her.. Can u 2?,"['hashtag', 'slang']",True
568248245563969536,@united I forgot that Intl flights out of LAX don't go from Intl Terminal! Easiest re-check in ever! woo!,positive,United,105,<USER> I forgot that Intl flights out of LAX don't go from Intl Terminal! Easiest re-check in ever! woo!,<USER> I forgot that Intl flights out of LAX don't go from Intl Terminal! Easiest re-check in ever! woo!,['domain'],True
569306524155310080,"@SouthwestAir @TMadCLE Flying with you in April, first time on southwest. Can't wait!!! Flew American airlines last time. Was meh.",positive,Southwest,130,"<USER> <USER> Flying with you in April, first time on southwest. Can't wait!!! Flew American airlines last time. Was meh.","<USER> <USER> Flying with you in April, first time on southwest. Can't wait!!! Flew American airlines last time. Was meh.",['elongation'],True
568584029106266113,@SouthwestAir thanks for adding straight flights from Columbus to Oakland!,positive,Southwest,74,<USER> thanks for adding straight flights from Columbus to Oakland!,<USER> thanks for adding straight flights from Columbus to Oakland!,['domain'],True
569634077571051521,@AmericanAir Flight attendant #YeseniaHernandez provided excellent service among peculiar conditions throughout the day ✈ :-),positive,American,125,<USER> Flight attendant #YeseniaHernandez provided excellent service among peculiar conditions throughout the day ✈ :-),<USER> Flight attendant provided excellent service among peculiar conditions throughout the day :-),"['emoji-heavy', 'hashtag', 'domain']",True
569645065792069632,@united can Cancelled Flight my flight anytime if this is where they keep me for the night.. http://t.co/avRTOWTyzk,positive,United,115,<USER> can Cancelled Flight my flight anytime if this is where they keep me for the night.. <URL>,<USER> can Cancelled Flight my flight anytime if this is where they keep me for the night.. <URL>,['domain'],True
568807823187976193,@JetBlue I'm #MakingLoveOutofNothingAtAll on my #brandloveaffair to #LAX https://t.co/kdHRUF54sW,positive,Delta,96,<USER> I'm #MakingLoveOutofNothingAtAll on my #brandloveaffair to #LAX <URL>,<USER> I'm on my to <URL>,['hashtag'],True
567737598115082241,@usairways #crew keeping safety top of mind in CLT. http://t.co/a0YoSJHZMc,positive,US Airways,74,<USER> #crew keeping safety top of mind in CLT. <URL>,<USER> keeping safety top of mind in CLT. <URL>,['hashtag'],True
569589643487928321,@AmericanAir Flight 236 was great. Fantastic cabin crew. A+ landing. #thankyou #JFK http://t.co/dRW08djHAI,positive,American,106,<USER> Flight 236 was great. Fantastic cabin crew. A+ landing. #thankyou #JFK <URL>,<USER> Flight 236 was great. Fantastic cabin crew. A+ landing. <URL>,"['hashtag', 'domain']",True
569482685061554176,@SouthwestAir great example of customer service this morning at MSY headed to ATL. Alison and Bobbi were fantastic! Gate B8. Thank you.,positive,Southwest,135,<USER> great example of customer service this morning at MSY headed to ATL. Alison and Bobbi were fantastic! Gate B8. Thank you.,<USER> great example of customer service this morning at MSY headed to ATL. Alison and Bobbi were fantastic! Gate B8. Thank you.,['domain'],True
567813189334790144,@SouthwestAir About time...and just in time for my next flight Thursday.,positive,Southwest,72,<USER> About time...and just in time for my next flight Thursday.,<USER> About time...and just in time for my next flight Thursday.,"['elongation', 'domain']",True
568815689684815873,@VirginAmerica loved it. Can't wait for Monday's return flight... Mostly just to watch the inflight safety video again. #sorrynotsorry,positive,Virgin America,134,<USER> loved it. Can't wait for Monday's return flight... Mostly just to watch the inflight safety video again. #sorrynotsorry,<USER> loved it. Can't wait for Monday's return flight... Mostly just to watch the inflight safety video again.,"['hashtag', 'elongation', 'domain']",True
570268875872473088,@AmericanAir I was happy to purchase the upgrade. If only it was avail on my next flight.,positive,American,89,<USER> I was happy to purchase the upgrade. If only it was avail on my next flight.,<USER> I was happy to purchase the upgrade. If only it was avail on my next flight.,['domain'],True
569136050951622656,@USAirways a big thanks to the gate agent flt5127..keeping us informed of the delay#greatcustomerservice,positive,US Airways,104,<USER> a big thanks to the gate agent flt5127..keeping us informed of the delay#greatcustomerservice,<USER> a big thanks to the gate agent flt5127..keeping us informed of the delay,"['hashtag', 'domain']",True
568195292803129345,@VirginAmerica this is too cool!  Never been on ur planes but now I will!!,positive,Virgin America,74,<USER> this is too cool! Never been on ur planes but now I will!!,<USER> this is too cool! Never been on ur planes but now I will!!,"['negation', 'slang']",True
570070659130220544,@SouthwestAir 👏👏👏 on that Late Flightst ad. Makes me happy to be flying you in a few days. #BETHonors,positive,Southwest,101,<USER> 👏👏👏 on that Late Flightst ad. Makes me happy to be flying you in a few days. #BETHonors,<USER> on that Late Flightst ad. Makes me happy to be flying you in a few days.,"['emoji-heavy', 'hashtag', 'elongation', 'domain']",True
568749045528842240,@USAirways thank you for refunding me on my baggage ! really appreciate it,positive,US Airways,74,<USER> thank you for refunding me on my baggage ! really appreciate it,<USER> thank you for refunding me on my baggage ! really appreciate it,['domain'],True
568440527328120832,@SouthwestAir @FortuneMagazine Superb choice - SWA. I am a raving fan. They even take stress out of weather-reLate Flightd glitches!  #custexp,positive,Southwest,142,<USER> <USER> Superb choice - SWA. I am a raving fan. They even take stress out of weather-reLate Flightd glitches! #custexp,<USER> <USER> Superb choice - SWA. I am a raving fan. They even take stress out of weather-reLate Flightd glitches!,"['hashtag', 'domain']",True
569806083981758464,@AmericanAir thanks. They did not charge anything in the end so all is good.,positive,American,76,<USER> thanks. They did not charge anything in the end so all is good.,<USER> thanks. They did not charge anything in the end so all is good.,['negation'],True
569162276403609600,@southwestair your attendants at the ATL airport are awesome! Very helpful with all the Cancelled Flightlations this morning.,positive,Southwest,125,<USER> your attendants at the ATL airport are awesome! Very helpful with all the Cancelled Flightlations this morning.,<USER> your attendants at the ATL airport are awesome! Very helpful with all the Cancelled Flightlations this morning.,['domain'],True
568274752864948224,@SouthwestAir can i get tiks for #DestinationDragons omg id love to! Plz 😱❤️im dying,positive,Southwest,84,<USER> can i get tiks for #DestinationDragons omg id love to! Plz 😱❤️im dying,<USER> can i get tiks for omg id love to! Plz im dying,"['emoji-heavy', 'hashtag', 'slang']",True
568531020267458561,@SouthwestAir thank you! ❤️❤️❤️ you guys!,positive,Southwest,41,<USER> thank you! ❤️❤️❤️ you guys!,<USER> thank you! you guys!,['emoji-heavy'],True
570220968435716097,"@USAirways Waiting on my flight right now, thanks!!",positive,US Airways,51,"<USER> Waiting on my flight right now, thanks!!","<USER> Waiting on my flight right now, thanks!!",['domain'],True
570271574462369793,"@AmericanAir we are off to Kax premium.  Hoping this flight is better food, TV now I know how to work it and service. Tnx",positive,American,121,"<USER> we are off to Kax premium. Hoping this flight is better food, TV now I know how to work it and service. Tnx","<USER> we are off to Kax premium. Hoping this flight is better food, TV now I know how to work it and service. Tnx",['domain'],True
570227706140323840,@JetBlue A320 pulling into the gate as the sunrises here at @BostonLogan this morning #jetbluesofly #jetblue #airbus http://t.co/JGdu5us8Dz,positive,Delta,139,<USER> A320 pulling into the gate as the sunrises here at <USER> this morning #jetbluesofly #jetblue #airbus <URL>,<USER> A320 pulling into the gate as the sunrises here at <USER> this morning <URL>,"['hashtag', 'domain']",True
569644697309872128,@SouthwestAir thanks connection thru Nashville have A1 boarding pass get to Dallas gate boarding 40 min before flt get end of B group,positive,Southwest,133,<USER> thanks connection thru Nashville have A1 boarding pass get to Dallas gate boarding 40 min before flt get end of B group,<USER> thanks connection thru Nashville have A1 boarding pass get to Dallas gate boarding 40 min before flt get end of B group,['domain'],True
569984789798899712,@USAirways THANK YOU for resolving the issue. On direct flight to sfo from @united,positive,US Airways,82,<USER> THANK YOU for resolving the issue. On direct flight to sfo from <USER>,<USER> THANK YOU for resolving the issue. On direct flight to sfo from <USER>,['domain'],True
568573889359556608,"@united Had wonderful, on time flights from OGG to MSN Lost RX eyeglasses (thick) in the Admiral Club in Chicago this morning. Found?",positive,United,133,"<USER> Had wonderful, on time flights from OGG to MSN Lost RX eyeglasses (thick) in the Admiral Club in Chicago this morning. Found?","<USER> Had wonderful, on time flights from OGG to MSN Lost RX eyeglasses (thick) in the Admiral Club in Chicago this morning. Found?",['domain'],True
568589740833939456,@SouthwestAir It was the usually excellent SWA flight!,positive,Southwest,54,<USER> It was the usually excellent SWA flight!,<USER> It was the usually excellent SWA flight!,['domain'],True
568639461648502784,"@SouthwestAir Flying with you in about 2 weeks, bringing blankets bc it's freezing!😜",positive,Southwest,84,"<USER> Flying with you in about 2 weeks, bringing blankets bc it's freezing!😜","<USER> Flying with you in about 2 weeks, bringing blankets bc it's freezing!",['emoji-heavy'],True
569951211471962112,@JetBlue shows us their sense of humor with these tongue-in-cheek flight etiquette videos: http://t.co/GGuAA1JvDF,positive,Delta,113,<USER> shows us their sense of humor with these tongue-in-cheek flight etiquette videos: <URL>,<USER> shows us their sense of humor with these tongue-in-cheek flight etiquette videos: <URL>,['domain'],True
568848928466198530,@united since when did you get so good again!  4 transcontinental flights in 72h.  What a pleasure/relief you were.,positive,United,115,<USER> since when did you get so good again! 4 transcontinental flights in 72h. What a pleasure/relief you were.,<USER> since when did you get so good again! 4 transcontinental flights in 72h. What a pleasure/relief you were.,['domain'],True
569670402223562752,@SouthwestAir YES please....How do we get that companion pass?,positive,Southwest,62,<USER> YES please....How do we get that companion pass?,<USER> YES please....How do we get that companion pass?,['elongation'],True
568854763057475584,@JetBlue @AmericanAir ah ha! I misread the end date as being 2014 not 2015. Thanks for clarifying :),positive,Delta,100,<USER> <USER> ah ha! I misread the end date as being 2014 not 2015. Thanks for clarifying :),<USER> <USER> ah ha! I misread the end date as being 2014 not 2015. Thanks for clarifying :),['negation'],True
570036932270358528,"@united captain ""on behalf of the front office, welcome on board."".... Never heard that before. I laughed...hard.  #funnycaptain",positive,United,128,"<USER> captain ""on behalf of the front office, welcome on board."".... Never heard that before. I laughed...hard. #funnycaptain","<USER> captain ""on behalf of the front office, welcome on board."".... Never heard that before. I laughed...hard.","['negation', 'hashtag', 'elongation']",True
570058986025672704,@united Made the upgrade list. Will fly 1st tomorrow (for 40 min) for the first time ever! 🙌 #StatusMatchPaidOff http://t.co/ATfRKp6goY,positive,United,135,<USER> Made the upgrade list. Will fly 1st tomorrow (for 40 min) for the first time ever! 🙌 #StatusMatchPaidOff <URL>,<USER> Made the upgrade list. Will fly 1st tomorrow (for 40 min) for the first time ever! <URL>,"['emoji-heavy', 'hashtag']",True
568973348840943616,@JetBlue thanks for letting us know. Hoping for no more delays!,positive,Delta,63,<USER> thanks for letting us know. Hoping for no more delays!,<USER> thanks for letting us know. Hoping for no more delays!,"['negation', 'domain']",True
568832682269888512,@united of course not. The inflight crew was great!,positive,United,51,<USER> of course not. The inflight crew was great!,<USER> of course not. The inflight crew was great!,"['negation', 'domain']",True
569209566715469824,@VirginAmerica You have the best flight attendant ever!!! http://t.co/PxdEL1nq3l,positive,Virgin America,80,<USER> You have the best flight attendant ever!!! <URL>,<USER> You have the best flight attendant ever!!! <URL>,"['elongation', 'domain']",True
569257818789978113,@united thank you for compensating us for our 4 lost bags. We will fly with you again! #UnitedAirlines,positive,United,102,<USER> thank you for compensating us for our 4 lost bags. We will fly with you again! #UnitedAirlines,<USER> thank you for compensating us for our 4 lost bags. We will fly with you again!,['hashtag'],True
570209843199524864,@SouthwestAir - We left iPad in a seat pocket.  Filed lost item report. Received it exactly 1 week Late Flightr.  Is that a record?  #unbelievable,positive,Southwest,146,<USER> - We left iPad in a seat pocket. Filed lost item report. Received it exactly 1 week Late Flightr. Is that a record? #unbelievable,<USER> - We left iPad in a seat pocket. Filed lost item report. Received it exactly 1 week Late Flightr. Is that a record?,"['hashtag', 'domain']",True
568569662717313024,@JetBlue thanks so much!! ❤️✨ very relaxing flight!,positive,Delta,51,<USER> thanks so much!! ❤️✨ very relaxing flight!,<USER> thanks so much!! very relaxing flight!,"['emoji-heavy', 'domain']",True
568827958527275008,@SouthwestAir shhhh i don't want something else to steal our deal😉,positive,Southwest,66,<USER> shhhh i don't want something else to steal our deal😉,<USER> shhhh i don't want something else to steal our deal,"['emoji-heavy', 'elongation']",True
568258333649604608,"@USAirways captain on flight 1712 from PHX-PHL at 3:55 tonight was hilarious. ""Greetings from the pointy end of the airplane"" haha thanks!",positive,US Airways,138,"<USER> captain on flight 1712 from PHX-PHL at 3:55 tonight was hilarious. ""Greetings from the pointy end of the airplane"" haha thanks!","<USER> captain on flight 1712 from PHX-PHL at 3:55 tonight was hilarious. ""Greetings from the pointy end of the airplane"" haha thanks!",['domain'],True
568542364207325185,@SouthwestAir :( Thanks for the opportunity...,positive,Southwest,46,<USER> :( Thanks for the opportunity...,<USER> :( Thanks for the opportunity...,['elongation'],True
567780624531222528,"@USAirways after missing my flight and reFlight Booking Problems 2x, I just walked onto another flight and my phone was still on the seat!!",positive,US Airways,139,"<USER> after missing my flight and reFlight Booking Problems 2x, I just walked onto another flight and my phone was still on the seat!!","<USER> after missing my flight and reFlight Booking Problems 2x, I just walked onto another flight and my phone was still on the seat!!",['domain'],True
570033627939131392,@united These are great fares!!!!!,positive,United,34,<USER> These are great fares!!!!!,<USER> These are great fares!!!!!,['elongation'],True
570240764812378112,@AmericanAir Your response has been incredible. Truly amazed at the steps you have taken to enhance your customer relations. Big thank you 😄,positive,American,140,<USER> Your response has been incredible. Truly amazed at the steps you have taken to enhance your customer relations. Big thank you 😄,<USER> Your response has been incredible. Truly amazed at the steps you have taken to enhance your customer relations. Big thank you,['emoji-heavy'],True
569885201293307905,@AmericanAir awesome flight this morning on AA3230! Awesome crew and even landed early!,positive,American,87,<USER> awesome flight this morning on AA3230! Awesome crew and even landed early!,<USER> awesome flight this morning on AA3230! Awesome crew and even landed early!,['domain'],True
568818695562260481,@JetBlue Thanks for the $100 credit because of the 4hr delay. I can tell customer service means a lot to YOU #Thankful,positive,Delta,118,<USER> Thanks for the $100 credit because of the 4hr delay. I can tell customer service means a lot to YOU #Thankful,<USER> Thanks for the $100 credit because of the 4hr delay. I can tell customer service means a lot to YOU,"['hashtag', 'domain']",True
568585356586586113,@SouthwestAir Jason (108639) at Gate #3 in SAN made my afternoon!!! #southwestairlines #stellarservice #thanks!,positive,Southwest,111,<USER> Jason (108639) at Gate #3 in SAN made my afternoon!!! #southwestairlines #stellarservice #thanks!,<USER> Jason (108639) at Gate in SAN made my afternoon!!! !,"['hashtag', 'elongation', 'domain']",True
569394918675783681,@JetBlue thanks for the response - when is the next flight after the 9:48 flight?,positive,Delta,81,<USER> thanks for the response - when is the next flight after the 9:48 flight?,<USER> thanks for the response - when is the next flight after the 9:48 flight?,['domain'],True
569229572123680769,@JetBlue @amybruni @DIRECTTV but of course! :-) #bestdressed #bluecarpet,positive,Delta,72,<USER> <USER> <USER> but of course! :-) #bestdressed #bluecarpet,<USER> <USER> <USER> but of course! :-),['hashtag'],True
568192942088843264,"@JetBlue I can't say what airline I am on right now, but I sincerely miss you. #bestairline",positive,Delta,91,"<USER> I can't say what airline I am on right now, but I sincerely miss you. #bestairline","<USER> I can't say what airline I am on right now, but I sincerely miss you.",['hashtag'],True
569927792781086720,@JetBlue sounds good!!!💙💙💙💙,positive,Delta,27,<USER> sounds good!!!💙💙💙💙,<USER> sounds good!!!,"['emoji-heavy', 'elongation']",True
570238577683996672,"@SouthwestAir is the best airline hands down. Amazing customer service, bags free and affordable flights. #happycamper",positive,Southwest,118,"<USER> is the best airline hands down. Amazing customer service, bags free and affordable flights. #happycamper","<USER> is the best airline hands down. Amazing customer service, bags free and affordable flights.","['hashtag', 'domain']",True
568883464923000832,@SouthwestAir Flight 3056. Only an hour long but one of the best flights I've ever had. Kudos to flight crew and airline in general.,positive,Southwest,132,<USER> Flight 3056. Only an hour long but one of the best flights I've ever had. Kudos to flight crew and airline in general.,<USER> Flight 3056. Only an hour long but one of the best flights I've ever had. Kudos to flight crew and airline in general.,['domain'],True
568598882613133314,"@USAirways I know that, thanks. Evaluate further ;-) ... -Chairman",positive,US Airways,66,"<USER> I know that, thanks. Evaluate further ;-) ... -Chairman","<USER> I know that, thanks. Evaluate further ;-) ... -Chairman",['elongation'],True
569594712337854464,@AmericanAir thank you for quick responses.   #aa usually has fantastic customer service. That's why I was so shocked when it wasn't there,positive,American,138,<USER> thank you for quick responses. #aa usually has fantastic customer service. That's why I was so shocked when it wasn't there,<USER> thank you for quick responses. usually has fantastic customer service. That's why I was so shocked when it wasn't there,['hashtag'],True
568171538324840449,@USAirways we haven't departed yet so let's not get too high hopes.  But everything has been on schedule so far,positive,US Airways,111,<USER> we haven't departed yet so let's not get too high hopes. But everything has been on schedule so far,<USER> we haven't departed yet so let's not get too high hopes. But everything has been on schedule so far,['negation'],True
568215698524246016,@southwestair thanks for taking it up a notch!! leinenkugels #craftbeer #goodflight @ Norfolk… http://t.co/TgSLjjN6g0,positive,Southwest,117,<USER> thanks for taking it up a notch!! leinenkugels #craftbeer #goodflight @ Norfolk… <URL>,<USER> thanks for taking it up a notch!! leinenkugels @ Norfolk… <URL>,"['hashtag', 'domain']",True
568861899435016192,@USAirways - Check-in staff at PHX are awesome! Great traffic control for general boarding.,positive,US Airways,91,<USER> - Check-in staff at PHX are awesome! Great traffic control for general boarding.,<USER> - Check-in staff at PHX are awesome! Great traffic control for general boarding.,['domain'],True
567753194546421760,@SouthwestAir no worries. We got thru eventually. I was just curious. Best of luck to you dealing with the weather!,positive,Southwest,115,<USER> no worries. We got thru eventually. I was just curious. Best of luck to you dealing with the weather!,<USER> no worries. We got thru eventually. I was just curious. Best of luck to you dealing with the weather!,['negation'],True
570237762063831040,@SouthwestAir thanks to Ella-Mae at LAS counter for going above and beyond to help us get back to ABQ after our flight was Cancelled Flightled!,positive,Southwest,143,<USER> thanks to Ella-Mae at LAS counter for going above and beyond to help us get back to ABQ after our flight was Cancelled Flightled!,<USER> thanks to Ella-Mae at LAS counter for going above and beyond to help us get back to ABQ after our flight was Cancelled Flightled!,['domain'],True
569880251767123968,@AmericanAir Huge thanks for fixing our flights! appreciate the customer service. now if only i could get seats assigned: me next to my wife,positive,American,140,<USER> Huge thanks for fixing our flights! appreciate the customer service. now if only i could get seats assigned: me next to my wife,<USER> Huge thanks for fixing our flights! appreciate the customer service. now if only i could get seats assigned: me next to my wife,['domain'],True
569824565091823616,@united EWR agent Barbara was FABULOUS and an example of CUST. SERV. A pleasure talking to you😊 http://t.co/KMQuLY9g5E,positive,United,118,<USER> EWR agent Barbara was FABULOUS and an example of CUST. SERV. A pleasure talking to you😊 <URL>,<USER> EWR agent Barbara was FABULOUS and an example of CUST. SERV. A pleasure talking to you <URL>,['emoji-heavy'],True
569572707299299328,@JetBlue thanks for making my trip home #MintyFresh next #brandmance flight I'll take more selfies! #LOVE #travel #business,positive,Delta,123,<USER> thanks for making my trip home #MintyFresh next #brandmance flight I'll take more selfies! #LOVE #travel #business,<USER> thanks for making my trip home next flight I'll take more selfies!,"['hashtag', 'domain']",True
567769981128282113,"@VirginAmerica so loyal that I'm driving to #NYC from #PA, to fly Virgin,  since you cut #Philly flights ;)",positive,Virgin America,107,"<USER> so loyal that I'm driving to #NYC from #PA, to fly Virgin, since you cut #Philly flights ;)","<USER> so loyal that I'm driving to from , to fly Virgin, since you cut flights ;)","['hashtag', 'domain']",True
