ID,True_Segment,Predicted_Segment,Correct,Max_Posterior,Confidence_Level
6862,A,A,True,0.5904882142137376,Moderate_Review
3396,D,D,True,0.9941594614400125,High_Confidence
6302,B,A,False,0.5844377413569519,Moderate_Review
3329,D,D,True,0.8349971085255687,High_Confidence
7901,D,D,True,0.9996701614707278,High_Confidence
1045,A,A,True,0.5829943967195108,Moderate_Review
4687,D,D,True,0.5196634256682439,Moderate_Review
6878,C,C,True,0.5820479408499194,Moderate_Review
5205,C,C,True,0.7476358125472772,Moderate_Review
2030,B,B,True,0.4243854600177505,Low_Review
6377,C,C,True,0.780978441970604,High_Confidence
4585,C,B,False,0.4059190231933292,Low_Review
2704,C,C,True,0.7420164615401531,Moderate_Review
5956,B,C,False,0.6563513696220106,Moderate_Review
6557,D,A,False,0.47911276658011426,Low_Review
3975,D,A,False,0.3674576333618129,Low_Review
5375,C,C,True,0.5926743204676179,Moderate_Review
4357,C,A,False,0.493871152281639,Low_Review
2187,D,D,True,0.9941594614400125,High_Confidence
2521,A,D,False,0.8837628078314831,High_Confidence
6282,C,C,True,0.44684516491091175,Low_Review
2468,A,A,True,0.6341154866169418,Moderate_Review
5435,B,B,True,0.4654742118146356,Low_Review
3557,B,B,True,0.4412631290656054,Low_Review
1048,B,D,False,0.4457986156975255,Low_Review
5982,B,C,False,0.5598540155158775,Moderate_Review
7162,A,B,False,0.40428850894601204,Low_Review
6641,A,B,False,0.39523381043834316,Low_Review
7959,B,B,True,0.42182249629166296,Low_Review
2280,A,C,False,0.3478774085385351,Low_Review
5901,B,C,False,0.6194664945941721,Moderate_Review
5983,A,A,True,0.5241242580302534,Moderate_Review
52,A,A,True,0.5244501297927496,Moderate_Review
1966,C,D,False,0.7301070761268186,Moderate_Review
7308,A,B,False,0.44274013469912327,Low_Review
1279,C,D,False,0.9179882830172882,High_Confidence
4847,C,B,False,0.4746046197474969,Low_Review
3192,B,C,False,0.7852556742357426,High_Confidence
5633,D,D,True,0.9328377846209148,High_Confidence
7440,D,D,True,0.5466040658669634,Moderate_Review
6686,A,B,False,0.3878204168662614,Low_Review
911,D,D,True,0.7450928596940865,Moderate_Review
6037,D,D,True,0.9958517433317012,High_Confidence
4777,A,B,False,0.3680481827153349,Low_Review
4463,D,D,True,0.992643418247306,High_Confidence
5517,C,C,True,0.6426348721528086,Moderate_Review
473,C,C,True,0.5865388296640978,Moderate_Review
4436,A,D,False,0.6424239957194894,Moderate_Review
2300,D,D,True,0.999107775943172,High_Confidence
7644,A,A,True,0.44403919386892304,Low_Review
7539,D,B,False,0.4091780277375985,Low_Review
539,C,C,True,0.59349420951636,Moderate_Review
6646,C,C,True,0.7831174574121861,High_Confidence
7063,A,A,True,0.7267734210176132,Moderate_Review
5502,A,D,False,0.9842511365640148,High_Confidence
5352,C,C,True,0.7022330294453221,Moderate_Review
2412,D,A,False,0.49206655188324167,Low_Review
1133,C,C,True,0.3841999783714165,Low_Review
4764,D,A,False,0.4232533452538493,Low_Review
4350,D,D,True,0.9876079218795513,High_Confidence
4597,B,A,False,0.37144640336456003,Low_Review
598,B,B,True,0.4006445090406779,Low_Review
3670,C,C,True,0.459432133865933,Low_Review
1906,D,D,True,0.9528295994471407,High_Confidence
7290,A,A,True,0.6541773393561728,Moderate_Review
4457,D,D,True,0.8574115551884407,High_Confidence
7117,C,C,True,0.7192877356223258,Moderate_Review
5902,B,B,True,0.44806774073797906,Low_Review
3242,B,B,True,0.4746046197474969,Low_Review
4094,B,B,True,0.41904393382737093,Low_Review
5482,D,D,True,0.623867953787774,Moderate_Review
5559,A,C,False,0.3991448985500132,Low_Review
2733,A,C,False,0.5276805851604561,Moderate_Review
4768,D,D,True,0.9475948443924112,High_Confidence
4103,B,B,True,0.3808004276375461,Low_Review
2179,C,D,False,0.9541454333517708,High_Confidence
6351,D,A,False,0.40246671847894555,Low_Review
2487,C,D,False,0.6527341603810789,Moderate_Review
3612,C,C,True,0.6674022217546371,Moderate_Review
5777,A,C,False,0.46683071635795315,Low_Review
1813,A,A,True,0.4232533452538493,Low_Review
1735,B,C,False,0.5219450354734512,Moderate_Review
1482,C,B,False,0.3858073358724047,Low_Review
3715,C,A,False,0.4612537609606993,Low_Review
6644,A,A,True,0.6341154866169418,Moderate_Review
5386,C,C,True,0.6433984773342817,Moderate_Review
2181,B,A,False,0.3167480109148536,Low_Review
776,C,C,True,0.5473979164083123,Moderate_Review
7260,C,C,True,0.7508418280934381,High_Confidence
1371,B,C,False,0.5188979473885771,Moderate_Review
2856,C,C,True,0.5713431176188272,Moderate_Review
3334,C,C,True,0.5755229047293313,Moderate_Review
5055,B,B,True,0.4233895770333133,Low_Review
6835,A,D,False,0.6744413018229247,Moderate_Review
5150,A,B,False,0.507006436315287,Moderate_Review
7120,A,A,True,0.6865985444126059,Moderate_Review
319,D,D,True,0.9997096166170963,High_Confidence
1604,D,D,True,0.999585012049234,High_Confidence
4454,A,C,False,0.3943955450128489,Low_Review
7403,A,D,False,0.7928426946873214,High_Confidence
1429,B,D,False,0.8252967401970482,High_Confidence
1595,A,D,False,0.590321602428088,Moderate_Review
1130,D,D,True,0.9950455888106334,High_Confidence
4702,B,C,False,0.5743184810572955,Moderate_Review
6865,A,B,False,0.44274013469912327,Low_Review
7102,A,C,False,0.5343738259205695,Moderate_Review
2314,A,B,False,0.4183813340344762,Low_Review
988,A,D,False,0.9000962502145825,High_Confidence
5717,A,A,True,0.6626445181174864,Moderate_Review
5922,C,C,True,0.5796885548768318,Moderate_Review
1390,B,D,False,0.9939491438297215,High_Confidence
7616,D,D,True,0.9941594614400125,High_Confidence
7039,A,B,False,0.44274013469912327,Low_Review
2090,A,D,False,0.8257094852752693,High_Confidence
6475,D,A,False,0.5470598586703743,Moderate_Review
5024,A,A,True,0.4134105079909863,Low_Review
5225,D,D,True,0.9793726962078804,High_Confidence
1807,C,D,False,0.9064578822770742,High_Confidence
2025,D,D,True,0.9924965167874813,High_Confidence
6192,D,D,True,0.8052424613886388,High_Confidence
7987,B,C,False,0.5167024815388994,Moderate_Review
5548,B,B,True,0.47206888071330877,Low_Review
1364,D,D,True,0.9877008817877004,High_Confidence
3713,D,D,True,0.9953901019804673,High_Confidence
5912,B,C,False,0.5396391989553673,Moderate_Review
7900,D,D,True,0.9764690120561084,High_Confidence
419,B,C,False,0.3822340892043331,Low_Review
6506,D,D,True,0.8490308063846776,High_Confidence
4791,C,C,True,0.6478853376422814,Moderate_Review
2626,C,C,True,0.5343738259205695,Moderate_Review
2909,D,D,True,0.9941594614400125,High_Confidence
6273,C,C,True,0.484257447525435,Low_Review
357,A,D,False,0.9992202528801376,High_Confidence
1242,C,A,False,0.42503917725258045,Low_Review
3177,C,A,False,0.6498273407564479,Moderate_Review
6738,C,A,False,0.4447041961149652,Low_Review
6938,C,C,True,0.5396391989553673,Moderate_Review
6299,C,D,False,0.7643060846380291,High_Confidence
3981,B,C,False,0.5713431176188272,Moderate_Review
879,A,B,False,0.41651177236196374,Low_Review
6992,D,D,True,0.9552862921244565,High_Confidence
3057,B,A,False,0.5712860450313886,Moderate_Review
4994,C,A,False,0.602594299364137,Moderate_Review
3233,D,D,True,0.9941594614400125,High_Confidence
3427,A,C,False,0.5661555574856197,Moderate_Review
739,B,C,False,0.7873812541401995,High_Confidence
2308,C,D,False,0.8591710331407666,High_Confidence
1146,C,C,True,0.5065008057143265,Moderate_Review
2951,C,A,False,0.43970130673588703,Low_Review
6913,B,A,False,0.4895863843248846,Low_Review
3414,D,D,True,0.9436716111674318,High_Confidence
2497,B,A,False,0.4894796293787527,Low_Review
2578,B,B,True,0.4047581549325324,Low_Review
2652,B,D,False,0.6860419311313838,Moderate_Review
668,D,A,False,0.5712860450313886,Moderate_Review
1010,B,C,False,0.6205062695382949,Moderate_Review
7863,D,D,True,0.9828764732364758,High_Confidence
3129,D,D,True,0.9996701614707278,High_Confidence
193,C,C,True,0.7347592639627794,Moderate_Review
4732,A,A,True,0.5469184113666901,Moderate_Review
6051,A,A,True,0.6499479919164644,Moderate_Review
5630,B,D,False,0.7951241960727741,High_Confidence
2027,D,D,True,0.5519036828162033,Moderate_Review
7659,B,C,False,0.5755229047293313,Moderate_Review
450,B,D,False,0.9398732604449087,High_Confidence
7522,A,D,False,0.5506845662534864,Moderate_Review
6255,D,D,True,0.9998099451653478,High_Confidence
1049,D,D,True,0.762796460986016,High_Confidence
4557,B,B,True,0.5596535256124161,Moderate_Review
7322,B,C,False,0.780978441970604,High_Confidence
3958,D,D,True,0.9954841789290373,High_Confidence
6009,B,C,False,0.7192877356223258,Moderate_Review
2210,D,A,False,0.5471590559558586,Moderate_Review
5119,C,C,True,0.6400334778975915,Moderate_Review
4831,D,D,True,0.5114327068399291,Moderate_Review
3952,D,D,True,0.658770417472439,Moderate_Review
7088,B,A,False,0.5008592453013505,Moderate_Review
969,D,D,True,0.7671797243953645,High_Confidence
2591,D,D,True,0.9936872323646332,High_Confidence
6584,B,C,False,0.5366530118770056,Moderate_Review
5603,D,D,True,0.9631360393707843,High_Confidence
1397,D,D,True,0.9917442786470954,High_Confidence
4148,A,A,True,0.6659931296334467,Moderate_Review
1075,A,D,False,0.6330088087813782,Moderate_Review
1780,A,B,False,0.49776462232767954,Low_Review
4584,D,C,False,0.5343738259205695,Moderate_Review
7439,B,C,False,0.660379985914098,Moderate_Review
607,C,B,False,0.5711867478770191,Moderate_Review
7027,A,D,False,0.9332934984459925,High_Confidence
7028,C,D,False,0.8911515612063033,High_Confidence
2769,B,C,False,0.5789939034367766,Moderate_Review
2141,A,B,False,0.4536333118500748,Low_Review
6328,C,C,True,0.4511230849961598,Low_Review
7442,C,C,True,0.649704708878848,Moderate_Review
1965,B,C,False,0.38834509342163953,Low_Review
2531,A,C,False,0.5414084647512225,Moderate_Review
3211,A,D,False,0.41892041066412017,Low_Review
4274,D,D,True,0.8673946255335261,High_Confidence
2091,C,C,True,0.5528423948625919,Moderate_Review
5613,A,A,True,0.3772325153287196,Low_Review
490,A,D,False,0.31995674348432884,Low_Review
6796,B,A,False,0.6348315429921466,Moderate_Review
6857,B,C,False,0.6563513696220106,Moderate_Review
5026,D,D,True,0.9949045117115412,High_Confidence
5547,A,A,True,0.6541773393561728,Moderate_Review
1511,D,A,False,0.4750160687120425,Low_Review
2250,D,A,False,0.4497621295102733,Low_Review
7026,A,A,True,0.504373378902083,Moderate_Review
5301,B,C,False,0.6262667249172578,Moderate_Review
4542,C,C,True,0.7177475218023591,Moderate_Review
3065,C,C,True,0.616518626588475,Moderate_Review
5213,C,C,True,0.35714205366279506,Low_Review
5216,A,A,True,0.3931319374568282,Low_Review
3358,A,B,False,0.41468074020942647,Low_Review
5823,B,B,True,0.5008230055399896,Moderate_Review
1972,D,A,False,0.5606432292354355,Moderate_Review
4723,A,C,False,0.39002537569026474,Low_Review
5987,A,D,False,0.8806573742603128,High_Confidence
5665,A,C,False,0.6418684038495261,Moderate_Review
2082,C,C,True,0.7873812541401995,High_Confidence
481,D,D,True,0.531614647686347,Moderate_Review
232,B,C,False,0.5396391989553673,Moderate_Review
4,A,B,False,0.4142204352563594,Low_Review
5772,C,C,True,0.620530082986892,Moderate_Review
1269,C,A,False,0.4574460355248524,Low_Review
4867,B,C,False,0.6205062695382949,Moderate_Review
2177,A,A,True,0.4232533452538493,Low_Review
6989,D,D,True,0.9312655970186103,High_Confidence
6516,A,A,True,0.4266440879450389,Low_Review
5412,D,D,True,0.8366759738155052,High_Confidence
6214,A,C,False,0.6418684038495261,Moderate_Review
2548,A,C,False,0.4376270150831518,Low_Review
3594,C,A,False,0.41114493875969804,Low_Review
2226,C,D,False,0.4129824262222583,Low_Review
6711,C,B,False,0.3310699778863345,Low_Review
5181,D,A,False,0.5831318739954308,Moderate_Review
7606,B,C,False,0.6433984773342817,Moderate_Review
7799,D,D,True,0.9960221853869297,High_Confidence
948,C,C,True,0.6381654277132845,Moderate_Review
663,C,A,False,0.448269666825475,Low_Review
2188,D,A,False,0.3512816959233114,Low_Review
102,A,B,False,0.4058050307673286,Low_Review
6828,C,C,True,0.5974918801041168,Moderate_Review
2224,D,D,True,0.8898790862854989,High_Confidence
625,D,D,True,0.9936872323646332,High_Confidence
3791,A,C,False,0.5396391989553673,Moderate_Review
6350,D,A,False,0.6300295274785872,Moderate_Review
946,A,D,False,0.9631360393707843,High_Confidence
3026,A,A,True,0.5851813346576068,Moderate_Review
5226,D,D,True,0.44439548142482116,Low_Review
703,A,C,False,0.6216848379005003,Moderate_Review
5282,B,A,False,0.3259841656523578,Low_Review
4421,B,A,False,0.6167648923776856,Moderate_Review
5341,D,D,True,0.9125593416295866,High_Confidence
5330,C,C,True,0.4389420627362191,Low_Review
7688,A,A,True,0.6675315333811862,Moderate_Review
5250,D,D,True,0.8308034305231202,High_Confidence
5321,A,A,True,0.5713048526710612,Moderate_Review
7236,C,C,True,0.5713431176188272,Moderate_Review
1183,D,D,True,0.9829810201835073,High_Confidence
696,B,C,False,0.6296168849700017,Moderate_Review
3737,C,C,True,0.7831174574121861,High_Confidence
72,B,C,False,0.6766777599013363,Moderate_Review
2711,B,B,True,0.44252304456495617,Low_Review
6388,B,A,False,0.5841569896111561,Moderate_Review
1409,B,C,False,0.6685052446273818,Moderate_Review
7718,C,B,False,0.4342740968479776,Low_Review
1134,C,C,True,0.6478853376422814,Moderate_Review
2169,A,A,True,0.4168369615714019,Low_Review
3224,B,B,True,0.44720631069554134,Low_Review
6366,D,B,False,0.42442943557954355,Low_Review
2078,D,A,False,0.4464456552095307,Low_Review
3706,C,C,True,0.6953175253566247,Moderate_Review
1022,D,D,True,0.9944456008458277,High_Confidence
5064,C,B,False,0.4081648570737801,Low_Review
4559,A,A,True,0.5913672805190431,Moderate_Review
6925,C,C,True,0.6706100253563532,Moderate_Review
2806,C,C,True,0.7787252392878795,High_Confidence
1716,B,A,False,0.4172865664794437,Low_Review
4799,B,C,False,0.4389420627362191,Low_Review
7656,D,D,True,0.998079123945995,High_Confidence
7532,A,A,True,0.49227211171717516,Low_Review
7922,A,A,True,0.46450876973969885,Low_Review
370,B,D,False,0.46816462582140345,Low_Review
3380,A,D,False,0.9155647826883795,High_Confidence
5945,B,A,False,0.5884224488225547,Moderate_Review
1411,C,C,True,0.6318016919768272,Moderate_Review
1162,A,A,True,0.5041159172939099,Moderate_Review
1953,C,D,False,0.7837550136599694,High_Confidence
883,D,D,True,0.9764690120561084,High_Confidence
1551,D,A,False,0.3667269353277581,Low_Review
2912,A,C,False,0.5262231915147315,Moderate_Review
4329,B,C,False,0.3540343522881195,Low_Review
2605,B,C,False,0.4600982655953033,Low_Review
7560,D,D,True,0.9958138099365311,High_Confidence
904,D,D,True,0.9933988516828034,High_Confidence
4531,A,A,True,0.5484686662339779,Moderate_Review
7704,A,C,False,0.5414084647512225,Moderate_Review
5223,C,C,True,0.3765270252463865,Low_Review
5749,B,A,False,0.6387931748560526,Moderate_Review
5342,B,D,False,0.9829810201835073,High_Confidence
4507,D,A,False,0.42273784187089214,Low_Review
2368,D,D,True,0.9834591100080535,High_Confidence
5509,B,B,True,0.4039050596459642,Low_Review
6550,A,D,False,0.8390300331321247,High_Confidence
224,D,D,True,0.9348150873075954,High_Confidence
789,A,D,False,0.4629526522294559,Low_Review
4858,C,C,True,0.5563726531681291,Moderate_Review
5907,A,B,False,0.3541717991094077,Low_Review
6919,A,C,False,0.37168657128996574,Low_Review
2998,B,A,False,0.5315449668398389,Moderate_Review
7693,B,C,False,0.4380861573382696,Low_Review
6719,C,D,False,0.8703227237130122,High_Confidence
2809,A,C,False,0.5396391989553673,Moderate_Review
2263,C,A,False,0.3772325153287196,Low_Review
7142,C,C,True,0.6478853376422814,Moderate_Review
5923,B,C,False,0.5755229047293313,Moderate_Review
6640,A,D,False,0.4991645836350511,Low_Review
1583,A,D,False,0.8972107464325613,High_Confidence
1825,A,A,True,0.5712860450313886,Moderate_Review
6655,B,A,False,0.39292753941084363,Low_Review
5643,C,C,True,0.6400334778975915,Moderate_Review
5839,D,D,True,0.44188638323629165,Low_Review
6531,D,D,True,0.9939491438297215,High_Confidence
6740,B,B,True,0.4699037187583414,Low_Review
6107,C,C,True,0.7315478902450515,Moderate_Review
4406,D,A,False,0.6105544397854259,Moderate_Review
5470,D,A,False,0.4447619948809288,Low_Review
6315,D,D,True,0.97677811671075,High_Confidence
2982,B,D,False,0.7039615076238162,Moderate_Review
762,A,C,False,0.5396391989553673,Moderate_Review
3866,D,A,False,0.3281016984744938,Low_Review
3611,A,A,True,0.7267734210176132,Moderate_Review
7790,A,D,False,0.7385940736301394,Moderate_Review
3342,C,A,False,0.5064171743865515,Moderate_Review
3144,A,A,True,0.4475230178777082,Low_Review
5307,D,C,False,0.57566968393513,Moderate_Review
5833,A,C,False,0.4269705204747487,Low_Review
5175,B,A,False,0.577694920335461,Moderate_Review
3956,B,B,True,0.46903779009040786,Low_Review
798,C,D,False,0.5480932741745573,Moderate_Review
7191,C,B,False,0.43657317728567113,Low_Review
4826,D,D,True,0.9997096166170963,High_Confidence
7040,B,C,False,0.483675056660622,Low_Review
208,B,A,False,0.42349853513569535,Low_Review
7362,A,A,True,0.5884224488225547,Moderate_Review
5903,C,C,True,0.6172459579818877,Moderate_Review
108,D,D,True,0.9824002731105912,High_Confidence
4216,B,C,False,0.6478853376422814,Moderate_Review
556,A,D,False,0.8119197488061968,High_Confidence
5060,A,B,False,0.3831925693824078,Low_Review
3991,C,C,True,0.4840062340954898,Low_Review
6660,D,D,True,0.9906396067292514,High_Confidence
6588,C,D,False,0.9838746110728303,High_Confidence
4230,D,D,True,0.762796460986016,High_Confidence
1869,C,D,False,0.7269686108467545,Moderate_Review
2197,D,B,False,0.4329757469351717,Low_Review
4458,C,C,True,0.5343738259205695,Moderate_Review
4181,D,B,False,0.3631179296847266,Low_Review
3789,D,D,True,0.9875182423458525,High_Confidence
8022,C,C,True,0.706150851212662,Moderate_Review
1530,D,D,True,0.8382448642629814,High_Confidence
1540,A,A,True,0.6802070481672382,Moderate_Review
3648,C,D,False,0.7746503225998767,High_Confidence
1513,B,C,False,0.7856563850473696,High_Confidence
1246,A,A,True,0.47694289945635926,Low_Review
4683,B,A,False,0.5378488406988287,Moderate_Review
3966,A,B,False,0.5033255748930856,Moderate_Review
3320,A,D,False,0.6954732467537615,Moderate_Review
4798,C,C,True,0.6433984773342817,Moderate_Review
2685,A,A,True,0.4232533452538493,Low_Review
6038,C,C,True,0.6216848379005003,Moderate_Review
3625,B,B,True,0.46729822044761987,Low_Review
2219,B,A,False,0.37987010409127303,Low_Review
100,C,C,True,0.7521938255724119,High_Confidence
4361,A,A,True,0.5178619392806233,Moderate_Review
417,C,C,True,0.6317720780654713,Moderate_Review
1574,D,D,True,0.9125593416295866,High_Confidence
7357,A,C,False,0.5326660886259407,Moderate_Review
4783,B,C,False,0.7137925519375192,Moderate_Review
3979,A,A,True,0.35416003572543797,Low_Review
2625,B,C,False,0.3773929967499663,Low_Review
3090,A,D,False,0.939074363990281,High_Confidence
6649,A,A,True,0.35877528939493514,Low_Review
2730,A,A,True,0.47905074912259843,Low_Review
2039,D,A,False,0.5579069399251226,Moderate_Review
3406,A,D,False,0.6440440703654154,Moderate_Review
4195,D,D,True,0.9997096166170963,High_Confidence
3469,C,C,True,0.7074650053317082,Moderate_Review
2303,C,C,True,0.780343356756151,High_Confidence
5646,C,A,False,0.5148728087539488,Moderate_Review
2134,B,C,False,0.5414084647512225,Moderate_Review
1801,A,A,True,0.5051719628167944,Moderate_Review
597,B,A,False,0.44261645273467615,Low_Review
6280,B,D,False,0.741830023123695,Moderate_Review
7513,C,C,True,0.5802210868141944,Moderate_Review
3873,C,C,True,0.41506542547946346,Low_Review
4223,B,D,False,0.4864174782835869,Low_Review
6530,A,D,False,0.3405282522751406,Low_Review
3015,D,D,True,0.945868853928901,High_Confidence
3664,C,D,False,0.9278775108530833,High_Confidence
1356,D,A,False,0.5672018536433797,Moderate_Review
257,A,D,False,0.4963677520772771,Low_Review
2345,D,B,False,0.37317496018801144,Low_Review
3835,B,A,False,0.4593666690585691,Low_Review
3963,A,A,True,0.4385898690784038,Low_Review
2932,A,A,True,0.5884224488225547,Moderate_Review
7047,C,C,True,0.5871593094651624,Moderate_Review
1212,D,D,True,0.7268577140903247,Moderate_Review
5051,A,A,True,0.3068698370445083,Low_Review
2580,C,C,True,0.7445435216055736,Moderate_Review
882,C,D,False,0.9660859654609842,High_Confidence
7417,A,A,True,0.5142079888806604,Moderate_Review
1534,D,D,True,0.5343444721198886,Moderate_Review
4822,D,D,True,0.9767051138169952,High_Confidence
2168,A,A,True,0.44704076011571114,Low_Review
3390,D,D,True,0.9824190744770204,High_Confidence
4437,A,A,True,0.5366729444551918,Moderate_Review
1689,C,C,True,0.660748975517588,Moderate_Review
5413,B,B,True,0.4309190116352802,Low_Review
1018,C,A,False,0.3336311604103632,Low_Review
106,D,A,False,0.4569047966632011,Low_Review
1446,C,C,True,0.7898726711282676,High_Confidence
7253,D,B,False,0.4753183860022629,Low_Review
6105,D,D,True,0.983875361119174,High_Confidence
5946,B,C,False,0.5542717701725249,Moderate_Review
7600,B,D,False,0.449916991790829,Low_Review
3924,D,D,True,0.9996940217210338,High_Confidence
695,A,D,False,0.9779631173103787,High_Confidence
7500,B,A,False,0.5975034218229975,Moderate_Review
7635,B,C,False,0.675942677453624,Moderate_Review
3720,A,A,True,0.4653197061525005,Low_Review
1293,B,A,False,0.4895863843248846,Low_Review
7048,C,C,True,0.7873812541401995,High_Confidence
2767,A,A,True,0.4838991809070159,Low_Review
4834,B,D,False,0.7766266193168193,High_Confidence
675,C,C,True,0.6540809431270804,Moderate_Review
7190,D,D,True,0.9669845565492134,High_Confidence
5892,D,D,True,0.9668927577261675,High_Confidence
4330,A,C,False,0.5396391989553673,Moderate_Review
1718,D,D,True,0.49464566278146904,Low_Review
5033,B,C,False,0.33641082379911447,Low_Review
4986,A,B,False,0.42442943557954355,Low_Review
6154,D,D,True,0.9543608722616265,High_Confidence
6949,B,C,False,0.4431993673478175,Low_Review
857,D,D,True,0.3055362766543537,Low_Review
5451,C,D,False,0.9544164494361459,High_Confidence
5443,D,A,False,0.6064124660692544,Moderate_Review
4455,B,B,True,0.35672673189961035,Low_Review
929,D,B,False,0.5283870771580637,Moderate_Review
2765,C,C,True,0.45491434003213854,Low_Review
4068,B,C,False,0.5705058502373802,Moderate_Review
3085,A,C,False,0.3905159261152169,Low_Review
6748,D,A,False,0.5498094848567309,Moderate_Review
7301,D,D,True,0.9936872323646332,High_Confidence
4338,B,C,False,0.413708966079576,Low_Review
6128,C,C,True,0.5441342937745186,Moderate_Review
2975,A,A,True,0.4708487341231967,Low_Review
7480,D,D,True,0.8462315879077602,High_Confidence
48,D,D,True,0.9997096166170963,High_Confidence
2318,B,B,True,0.3831925693824078,Low_Review
5418,C,D,False,0.7852991863600204,High_Confidence
4477,C,C,True,0.6400334778975915,Moderate_Review
2631,C,C,True,0.38834509342163953,Low_Review
1776,C,C,True,0.6955471415976335,Moderate_Review
614,B,B,True,0.4620776889215637,Low_Review
1208,B,C,False,0.43524923620788514,Low_Review
6311,D,D,True,0.7882858409982737,High_Confidence
7058,B,C,False,0.5799724371238881,Moderate_Review
4950,B,A,False,0.4758784092646291,Low_Review
431,A,D,False,0.8764774297409557,High_Confidence
2180,A,C,False,0.40613616188907925,Low_Review
1088,A,D,False,0.6772324346870136,Moderate_Review
475,D,A,False,0.385928602096156,Low_Review
1818,C,A,False,0.7218982282344569,Moderate_Review
4451,B,C,False,0.5198281048345303,Moderate_Review
2164,B,C,False,0.34598855715061566,Low_Review
3474,B,A,False,0.4398424247380896,Low_Review
923,C,C,True,0.7759435854448602,High_Confidence
930,D,A,False,0.4791062945645084,Low_Review
1163,D,D,True,0.9941594614400125,High_Confidence
3299,D,A,False,0.5793939053168518,Moderate_Review
3333,D,D,True,0.9953901019804673,High_Confidence
3310,A,B,False,0.44806774073797906,Low_Review
1155,D,D,True,0.999585012049234,High_Confidence
894,D,D,True,0.9364501394735809,High_Confidence
3722,A,C,False,0.6188458425709894,Moderate_Review
1625,C,C,True,0.6654501335338936,Moderate_Review
1436,B,A,False,0.5853134874950043,Moderate_Review
4310,D,D,True,0.8829740930046714,High_Confidence
295,B,B,True,0.45103504909293896,Low_Review
3959,B,A,False,0.5168818254288833,Moderate_Review
1455,D,D,True,0.9707046776850295,High_Confidence
3636,D,A,False,0.3512816959233114,Low_Review
3733,B,A,False,0.5677573923513342,Moderate_Review
1952,A,D,False,0.5974221859477422,Moderate_Review
5784,A,C,False,0.6326037228217906,Moderate_Review
5996,A,D,False,0.98376577055563,High_Confidence
8041,D,D,True,0.9958517433317012,High_Confidence
0,D,D,True,0.9954841789290373,High_Confidence
7449,A,A,True,0.4266440879450389,Low_Review
1760,D,D,True,0.9668927577261675,High_Confidence
4967,D,D,True,0.9554016628935356,High_Confidence
1580,A,B,False,0.3269581602282056,Low_Review
6327,D,D,True,0.9936872323646332,High_Confidence
6742,B,C,False,0.6634379354622302,Moderate_Review
5941,C,C,True,0.5743184810572955,Moderate_Review
3240,A,A,True,0.45730224857777096,Low_Review
4515,C,C,True,0.5414084647512225,Moderate_Review
3083,A,A,True,0.3645787418451906,Low_Review
7828,A,B,False,0.4913464099018347,Low_Review
3475,A,C,False,0.3471980440737696,Low_Review
2905,C,A,False,0.5713048526710612,Moderate_Review
7690,B,A,False,0.6498273407564479,Moderate_Review
3479,D,A,False,0.45873602990804363,Low_Review
462,A,A,True,0.5459267421187776,Moderate_Review
5439,D,D,True,0.9996701614707278,High_Confidence
4675,A,A,True,0.6440302254928679,Moderate_Review
5172,D,D,True,0.548833975465892,Moderate_Review
6447,C,C,True,0.6610876543401546,Moderate_Review
7311,A,A,True,0.5656519531481615,Moderate_Review
6204,A,D,False,0.9847448986811594,High_Confidence
5942,D,C,False,0.5918136475974769,Moderate_Review
3146,B,A,False,0.5765875085775862,Moderate_Review
7273,B,A,False,0.4398424247380896,Low_Review
1615,D,D,True,0.9948816995434625,High_Confidence
2253,A,C,False,0.49443375197073264,Low_Review
2073,B,B,True,0.3504623893976769,Low_Review
2738,A,D,False,0.6215986987747757,Moderate_Review
1450,C,C,True,0.7824257348779823,High_Confidence
413,D,D,True,0.8625451874912418,High_Confidence
5195,A,A,True,0.42893005279754226,Low_Review
7490,C,D,False,0.7181081815799164,Moderate_Review
4610,A,A,True,0.5230996649542266,Moderate_Review
7165,D,A,False,0.4743473796882142,Low_Review
5363,B,C,False,0.5009716983672998,Moderate_Review
567,B,D,False,0.5519036828162033,Moderate_Review
5733,A,D,False,0.9420715982474718,High_Confidence
3165,D,D,True,0.9830346929293522,High_Confidence
7965,C,C,True,0.602200471247607,Moderate_Review
1366,D,D,True,0.9910513971846453,High_Confidence
6347,D,D,True,0.9941594614400125,High_Confidence
2618,D,D,True,0.9278775108530833,High_Confidence
6586,C,C,True,0.7476358125472772,Moderate_Review
6570,B,B,True,0.41651177236196374,Low_Review
7001,B,C,False,0.41524909910820557,Low_Review
140,A,B,False,0.4508109519408055,Low_Review
1582,A,A,True,0.6039886265505473,Moderate_Review
5587,B,D,False,0.9707046776850295,High_Confidence
8017,D,D,True,0.8802792283665779,High_Confidence
4642,C,C,True,0.7831174574121861,High_Confidence
2085,C,C,True,0.7856563850473696,High_Confidence
5086,D,D,True,0.9783036087338743,High_Confidence
6226,D,A,False,0.5518454755215929,Moderate_Review
8044,D,A,False,0.4509688579672126,Low_Review
6065,C,A,False,0.37314530806277324,Low_Review
3,B,C,False,0.5343738259205695,Moderate_Review
1545,C,C,True,0.6654501335338936,Moderate_Review
5199,B,A,False,0.5498094848567309,Moderate_Review
2333,D,D,True,0.6896784537831728,Moderate_Review
643,D,D,True,0.9995298859747379,High_Confidence
5809,A,B,False,0.42442943557954355,Low_Review
1857,C,C,True,0.6113314901870097,Moderate_Review
1026,A,A,True,0.6601563836754795,Moderate_Review
4946,C,A,False,0.4467688996599942,Low_Review
498,D,D,True,0.8870377807254066,High_Confidence
4911,A,A,True,0.6508802101714506,Moderate_Review
5361,D,D,True,0.8188637919062579,High_Confidence
7194,A,C,False,0.49101942255206205,Low_Review
5143,B,B,True,0.4314682046106882,Low_Review
1646,B,C,False,0.43754149884099175,Low_Review
5202,D,D,True,0.9941594614400125,High_Confidence
6472,A,C,False,0.44696480862170745,Low_Review
7217,B,C,False,0.536002332453053,Moderate_Review
5077,D,D,True,0.8806573742603128,High_Confidence
2865,B,A,False,0.4398424247380896,Low_Review
5035,B,A,False,0.5807511423631041,Moderate_Review
779,B,C,False,0.5971151838145663,Moderate_Review
2563,C,C,True,0.7781441130006731,High_Confidence
5716,A,A,True,0.7086520303997269,Moderate_Review
1229,C,C,True,0.7873812541401995,High_Confidence
754,D,D,True,0.6629179704366575,Moderate_Review
1975,A,C,False,0.4920744026934101,Low_Review
7764,C,C,True,0.44684516491091175,Low_Review
3818,D,D,True,0.8693556915418041,High_Confidence
6708,C,B,False,0.44252304456495617,Low_Review
7779,B,A,False,0.7276562579933251,Moderate_Review
3304,B,C,False,0.4189422851257978,Low_Review
6712,C,C,True,0.7192877356223258,Moderate_Review
7570,B,B,True,0.4753183860022629,Low_Review
1629,C,D,False,0.9830346929293522,High_Confidence
7049,A,C,False,0.6953175253566247,Moderate_Review
7882,B,C,False,0.3841999783714165,Low_Review
36,D,D,True,0.7473189895478594,Moderate_Review
550,D,D,True,0.9848103859298709,High_Confidence
5731,C,A,False,0.49148789453567904,Low_Review
3734,B,C,False,0.3478774085385351,Low_Review
407,C,C,True,0.5908169273852019,Moderate_Review
1874,D,D,True,0.7049050508798845,Moderate_Review
2824,D,D,True,0.9996701614707278,High_Confidence
2344,B,C,False,0.5258049724728232,Moderate_Review
3328,D,D,True,0.9953901019804673,High_Confidence
1137,A,A,True,0.4450962808427146,Low_Review
4581,C,C,True,0.47397508581647757,Low_Review
3821,A,A,True,0.6028789502261941,Moderate_Review
4353,D,D,True,0.8605113217437454,High_Confidence
3260,C,C,True,0.6450940207376137,Moderate_Review
4629,A,B,False,0.41468074020942647,Low_Review
5165,D,A,False,0.5645702982211216,Moderate_Review
5369,A,C,False,0.5257131643807681,Moderate_Review
4865,C,C,True,0.45833345368564504,Low_Review
143,B,A,False,0.3667269353277581,Low_Review
5084,A,A,True,0.4880091515456979,Low_Review
7375,C,C,True,0.7536092271569933,High_Confidence
2676,C,C,True,0.780978441970604,High_Confidence
4434,B,A,False,0.5919008583853581,Moderate_Review
1922,C,C,True,0.6128052527593976,Moderate_Review
3420,B,A,False,0.5312593926984434,Moderate_Review
4474,B,C,False,0.6953175253566247,Moderate_Review
3081,A,C,False,0.5665274852694837,Moderate_Review
566,D,D,True,0.591581074800972,Moderate_Review
7544,B,B,True,0.48330709900336655,Low_Review
1765,C,C,True,0.7923313173623316,High_Confidence
4207,A,B,False,0.3595219605742419,Low_Review
3355,A,C,False,0.3765270252463865,Low_Review
3158,C,C,True,0.6483070132986909,Moderate_Review
3507,B,C,False,0.5971151838145663,Moderate_Review
7458,A,A,True,0.6831700653361744,Moderate_Review
5588,D,D,True,0.9994201933769774,High_Confidence
3371,D,A,False,0.6210174099155527,Moderate_Review
2586,C,C,True,0.5965177501056141,Moderate_Review
7687,C,C,True,0.6483070132986909,Moderate_Review
5582,D,D,True,0.9958517433317012,High_Confidence
8059,D,D,True,0.5787990995402728,Moderate_Review
1491,A,A,True,0.3772325153287196,Low_Review
6364,C,C,True,0.5396391989553673,Moderate_Review
6378,B,C,False,0.7873812541401995,High_Confidence
1812,C,C,True,0.4536752866217136,Low_Review
2202,D,D,True,0.6532775716447975,Moderate_Review
6163,A,A,True,0.3275067626798305,Low_Review
6741,A,C,False,0.4543313865758889,Low_Review
5960,C,C,True,0.7192877356223258,Moderate_Review
1399,D,B,False,0.4092954876716016,Low_Review
1298,A,C,False,0.5414084647512225,Moderate_Review
1700,B,A,False,0.40405880591020804,Low_Review
7548,C,C,True,0.6654501335338936,Moderate_Review
4352,B,C,False,0.6609876055016595,Moderate_Review
3309,C,C,True,0.631202208564925,Moderate_Review
4952,B,C,False,0.7055435380964143,Moderate_Review
3004,D,D,True,0.9567233724945277,High_Confidence
2495,D,D,True,0.999585012049234,High_Confidence
5793,A,D,False,0.7049050508798845,Moderate_Review
7057,C,B,False,0.4808160753302091,Low_Review
3483,A,B,False,0.45127544742962755,Low_Review
5535,D,D,True,0.9997925475024239,High_Confidence
2252,D,A,False,0.48197608805586784,Low_Review
578,D,D,True,0.9954841789290373,High_Confidence
2493,C,C,True,0.5343738259205695,Moderate_Review
3116,B,C,False,0.4535030016224275,Low_Review
3012,C,B,False,0.4121438908203528,Low_Review
5712,A,A,True,0.5301508225823569,Moderate_Review
2478,A,A,True,0.4288170186425633,Low_Review
4359,C,C,True,0.3943955450128489,Low_Review
7360,D,D,True,0.9910513971846453,High_Confidence
4663,D,D,True,0.9705251765784325,High_Confidence
3109,C,D,False,0.9498449970410525,High_Confidence
6423,C,D,False,0.9179882830172882,High_Confidence
5437,C,D,False,0.7107126088105079,Moderate_Review
523,C,D,False,0.6056799589791949,Moderate_Review
6066,D,D,True,0.9996701614707278,High_Confidence
2229,C,C,True,0.7831174574121861,High_Confidence
596,A,D,False,0.351309815512743,Low_Review
101,B,B,True,0.43941643867083546,Low_Review
6487,B,C,False,0.547287092291742,Moderate_Review
5179,D,D,True,0.999212078017052,High_Confidence
5047,C,C,True,0.3765270252463865,Low_Review
4272,D,D,True,0.9997925475024239,High_Confidence
7094,C,D,False,0.9848103859298709,High_Confidence
7541,A,C,False,0.5705058502373802,Moderate_Review
3101,B,C,False,0.7898022762038421,High_Confidence
7552,D,D,True,0.9052047941366991,High_Confidence
2523,A,C,False,0.7041362461069347,Moderate_Review
7747,A,A,True,0.3653046423917323,Low_Review
6493,A,C,False,0.6749632546656613,Moderate_Review
1470,A,A,True,0.5416312942929165,Moderate_Review
1564,D,D,True,0.9864595177488797,High_Confidence
3816,D,C,False,0.3883020143806496,Low_Review
3324,C,C,True,0.780978441970604,High_Confidence
4061,A,A,True,0.4789961844148798,Low_Review
1619,C,C,True,0.7445435216055736,Moderate_Review
6908,A,C,False,0.601728791681303,Moderate_Review
925,D,D,True,0.9931826816674768,High_Confidence
6019,D,D,True,0.7517406310962327,High_Confidence
2991,C,B,False,0.45828849424923024,Low_Review
6952,A,A,True,0.3553434610585617,Low_Review
4543,B,B,True,0.5411138606840209,Moderate_Review
3281,D,A,False,0.7117753045524947,Moderate_Review
1631,A,C,False,0.5134082156009235,Moderate_Review
151,A,D,False,0.8889528318572575,High_Confidence
1270,B,B,True,0.4458673176594871,Low_Review
2999,B,A,False,0.5326701925172355,Moderate_Review
2789,C,C,True,0.780343356756151,High_Confidence
3799,A,A,True,0.4650484876584318,Low_Review
3523,B,B,True,0.41328987547846374,Low_Review
7077,C,C,True,0.5330680698600577,Moderate_Review
7013,D,A,False,0.5261910217654925,Moderate_Review
1327,C,C,True,0.3955566058320465,Low_Review
4498,A,A,True,0.37494294494834496,Low_Review
4095,A,A,True,0.36996711215923156,Low_Review
5855,C,B,False,0.4445572963425061,Low_Review
7178,B,D,False,0.5503310364944443,Moderate_Review
5868,D,D,True,0.9849103571880589,High_Confidence
6202,B,C,False,0.4289377383763724,Low_Review
2200,D,D,True,0.763309526286397,High_Confidence
7473,A,A,True,0.6288100641398627,Moderate_Review
918,B,C,False,0.3772091327244184,Low_Review
905,D,D,True,0.996984284890007,High_Confidence
2365,B,C,False,0.660379985914098,Moderate_Review
5798,B,C,False,0.5314374017451188,Moderate_Review
5110,B,C,False,0.7521938255724119,High_Confidence
4589,A,A,True,0.6541773393561728,Moderate_Review
7213,B,C,False,0.4591862663576157,Low_Review
460,C,C,True,0.5396391989553673,Moderate_Review
6982,A,A,True,0.41627781620672316,Low_Review
6750,D,D,True,0.9936872323646332,High_Confidence
6569,C,C,True,0.6433984773342817,Moderate_Review
4616,B,C,False,0.6725718902840765,Moderate_Review
5820,C,D,False,0.9314748302814149,High_Confidence
7890,B,D,False,0.9480323879638737,High_Confidence
4104,D,C,False,0.5959213451524097,Moderate_Review
3409,D,D,True,0.999585012049234,High_Confidence
5625,A,C,False,0.5343738259205695,Moderate_Review
7692,C,C,True,0.7189380208281185,Moderate_Review
7471,D,D,True,0.9993443720160939,High_Confidence
4869,B,B,True,0.435916157157993,Low_Review
7557,D,D,True,0.5999979703004942,Moderate_Review
5196,B,A,False,0.5104215555312185,Moderate_Review
455,C,C,True,0.7764094774883908,High_Confidence
6824,D,D,True,0.9764690120561084,High_Confidence
7454,C,C,True,0.5815361976749783,Moderate_Review
4326,D,D,True,0.5343573353905292,Moderate_Review
6142,A,A,True,0.3793658846895259,Low_Review
1834,B,B,True,0.4810238908567634,Low_Review
1789,C,C,True,0.6674022217546371,Moderate_Review
49,A,A,True,0.6865985444126059,Moderate_Review
1340,C,C,True,0.48322877920191487,Low_Review
2539,A,B,False,0.4183813340344762,Low_Review
616,C,B,False,0.4577563657173548,Low_Review
3997,C,C,True,0.6317720780654713,Moderate_Review
3270,D,B,False,0.4093143287126271,Low_Review
2967,B,B,True,0.46021728123012023,Low_Review
4596,C,D,False,0.623867953787774,Moderate_Review
5428,B,A,False,0.456161113167369,Low_Review
1116,C,C,True,0.6158035155951228,Moderate_Review
6715,C,C,True,0.597227557838709,Moderate_Review
364,B,C,False,0.5148529513493865,Moderate_Review
3097,B,D,False,0.8170903789499704,High_Confidence
5682,B,B,True,0.35131528117467853,Low_Review
595,D,B,False,0.4503927434819238,Low_Review
4270,D,D,True,0.9997096166170963,High_Confidence
6012,A,A,True,0.49043411998554515,Low_Review
6397,B,C,False,0.32120505400610966,Low_Review
1920,D,D,True,0.9885583581870488,High_Confidence
6940,B,B,True,0.558054434257799,Moderate_Review
5187,B,C,False,0.780343356756151,High_Confidence
5882,B,D,False,0.9179882830172882,High_Confidence
46,B,B,True,0.4719742415991745,Low_Review
3078,A,D,False,0.8226750125460246,High_Confidence
7698,C,C,True,0.660379985914098,Moderate_Review
3037,A,C,False,0.4866219128110581,Low_Review
6501,C,C,True,0.6400334778975915,Moderate_Review
2322,C,C,True,0.39698019736192347,Low_Review
2405,A,A,True,0.4866735443599295,Low_Review
1887,D,D,True,0.9069957494597483,High_Confidence
1606,D,D,True,0.7449479272811127,Moderate_Review
7155,B,B,True,0.375437130915146,Low_Review
173,B,A,False,0.49227211171717516,Low_Review
2851,C,D,False,0.9751504952621798,High_Confidence
4780,D,D,True,0.9964767131196821,High_Confidence
6005,A,C,False,0.47851383915575274,Low_Review
2596,A,A,True,0.7324305280837529,Moderate_Review
7054,D,B,False,0.33966502025989564,Low_Review
2916,B,D,False,0.9820882804065025,High_Confidence
7348,A,C,False,0.37512512393002195,Low_Review
5792,D,D,True,0.9430391276098143,High_Confidence
4227,D,C,False,0.4463399626212431,Low_Review
3102,A,B,False,0.44274013469912327,Low_Review
6545,C,C,True,0.5062284441113722,Moderate_Review
2968,B,B,True,0.5724670354832418,Moderate_Review
3519,B,C,False,0.48917805753802807,Low_Review
2920,A,A,True,0.41114493875969804,Low_Review
5571,B,A,False,0.6209735446921055,Moderate_Review
1747,B,C,False,0.4887528145779821,Low_Review
6809,B,A,False,0.6584508548021017,Moderate_Review
1423,C,C,True,0.5713431176188272,Moderate_Review
7646,C,C,True,0.418406251836718,Low_Review
6998,B,C,False,0.5094693993726958,Moderate_Review
499,C,A,False,0.3873123334871096,Low_Review
5829,B,B,True,0.45845495067115594,Low_Review
3140,C,A,False,0.6498273407564479,Moderate_Review
6479,A,C,False,0.7898726711282676,High_Confidence
6078,D,D,True,0.9947800047900465,High_Confidence
1936,B,A,False,0.5876325282293106,Moderate_Review
5596,B,C,False,0.5040965523925255,Moderate_Review
2621,C,D,False,0.6949505662076857,Moderate_Review
2354,B,D,False,0.9943356811156193,High_Confidence
1555,A,C,False,0.3898030999812967,Low_Review
6172,A,A,True,0.5016148487672913,Moderate_Review
1656,B,D,False,0.9779288025161491,High_Confidence
2573,A,A,True,0.5579069399251226,Moderate_Review
5870,D,D,True,0.989861706217103,High_Confidence
6486,A,A,True,0.3802851426723816,Low_Review
5862,A,D,False,0.62395488390093,Moderate_Review
6753,B,B,True,0.38723266132195067,Low_Review
2109,D,B,False,0.49598110357286473,Low_Review
4144,A,A,True,0.42499084412571014,Low_Review
7585,A,B,False,0.3687980953861728,Low_Review
2842,D,D,True,0.5830899302763632,Moderate_Review
2557,C,C,True,0.6773310918674266,Moderate_Review
2369,A,D,False,0.7449479272811127,Moderate_Review
1339,A,D,False,0.985617476058985,High_Confidence
7565,A,B,False,0.48542340144326707,Low_Review
6119,D,D,True,0.9954841789290373,High_Confidence
692,A,A,True,0.44403919386892304,Low_Review
6642,A,A,True,0.5951709173074478,Moderate_Review
2801,B,C,False,0.6563513696220106,Moderate_Review
8046,B,C,False,0.5528423948625919,Moderate_Review
6309,C,C,True,0.7521938255724119,High_Confidence
1354,D,D,True,0.8267732908913883,High_Confidence
3125,B,C,False,0.780343356756151,High_Confidence
67,A,D,False,0.8854394971334856,High_Confidence
7219,C,C,True,0.6628542884680221,Moderate_Review
3721,A,A,True,0.5000510894953909,Moderate_Review
4823,D,D,True,0.8412400702401347,High_Confidence
591,A,A,True,0.7392361197340456,Moderate_Review
5257,C,A,False,0.49148789453567904,Low_Review
1873,B,A,False,0.6541773393561728,Moderate_Review
4691,C,A,False,0.43141743679707834,Low_Review
7020,C,C,True,0.7898726711282676,High_Confidence
5316,D,A,False,0.35673220374314407,Low_Review
5735,D,B,False,0.4515858264025687,Low_Review
6382,D,A,False,0.6180930958832653,Moderate_Review
1077,D,D,True,0.4302287383279529,Low_Review
804,D,D,True,0.9947800047900465,High_Confidence
6194,A,A,True,0.5641502505604707,Moderate_Review
7798,D,A,False,0.6209735446921055,Moderate_Review
5924,A,A,True,0.5106972558940777,Moderate_Review
5345,D,D,True,0.6639486530975689,Moderate_Review
6042,D,D,True,0.9917442786470954,High_Confidence
2857,C,A,False,0.4555685263767366,Low_Review
2681,A,A,True,0.5694533230310845,Moderate_Review
5756,B,C,False,0.4838012501567083,Low_Review
3486,B,B,True,0.40555842265858233,Low_Review
620,A,A,True,0.6704865397322095,Moderate_Review
227,B,D,False,0.9854676272743427,High_Confidence
6703,D,D,True,0.9142078579594257,High_Confidence
5869,D,D,True,0.9585003679744787,High_Confidence
7948,C,C,True,0.7759435854448602,High_Confidence
1260,D,A,False,0.3488754318398377,Low_Review
5430,C,C,True,0.41506542547946346,Low_Review
6859,D,D,True,0.9215378090870857,High_Confidence
3703,C,C,True,0.7445435216055736,Moderate_Review
6837,D,D,True,0.9950915695949232,High_Confidence
1378,C,C,True,0.7898726711282676,High_Confidence
7989,B,C,False,0.7873812541401995,High_Confidence
4247,A,B,False,0.3217688195273147,Low_Review
2332,B,C,False,0.38834509342163953,Low_Review
6497,D,D,True,0.999212078017052,High_Confidence
1826,C,C,True,0.7898022762038421,High_Confidence
830,C,C,True,0.49673640422972815,Low_Review
5192,D,D,True,0.8854394971334856,High_Confidence
7542,D,B,False,0.4600310307650399,Low_Review
3020,A,A,True,0.546668272323607,Moderate_Review
5468,D,D,True,0.5832505655053384,Moderate_Review
9,C,C,True,0.7923313173623316,High_Confidence
2961,C,C,True,0.6654501335338936,Moderate_Review
7855,D,B,False,0.37557113737780345,Low_Review
5209,A,A,True,0.39483653956373765,Low_Review
1645,C,A,False,0.3781947294406644,Low_Review
5385,A,D,False,0.5481670730570768,Moderate_Review
3163,A,A,True,0.4231562996969478,Low_Review
1341,B,C,False,0.5437671352422908,Moderate_Review
5949,C,C,True,0.7923313173623316,High_Confidence
4116,A,A,True,0.44402031753524596,Low_Review
6271,D,D,True,0.9829810201835073,High_Confidence
950,D,D,True,0.8478167649360344,High_Confidence
1253,A,A,True,0.4029374208877496,Low_Review
7413,C,B,False,0.38805090533928055,Low_Review
7797,C,C,True,0.6284088373929809,Moderate_Review
4632,D,A,False,0.40236661685111874,Low_Review
6213,A,A,True,0.5448379409595883,Moderate_Review
5087,D,D,True,0.9933562886195896,High_Confidence
4889,B,A,False,0.44169027090311075,Low_Review
5456,D,D,True,0.7961934376521941,High_Confidence
3099,D,B,False,0.4546015205488533,Low_Review
1559,C,C,True,0.3643843829897364,Low_Review
3241,B,A,False,0.6209735446921055,Moderate_Review
7832,A,A,True,0.5618940704149273,Moderate_Review
1432,B,A,False,0.5713048526710612,Moderate_Review
5054,A,C,False,0.5577060750715358,Moderate_Review
6806,D,D,True,0.9249272646289315,High_Confidence
5661,B,C,False,0.6453308239832916,Moderate_Review
7387,A,A,True,0.6356948649524576,Moderate_Review
6704,C,C,True,0.5320847892525733,Moderate_Review
3340,B,A,False,0.7081533040695799,Moderate_Review
5686,B,C,False,0.4789163074134843,Low_Review
5542,D,D,True,0.9954841789290373,High_Confidence
2978,D,A,False,0.45180130243381555,Low_Review
6683,D,D,True,0.815108160948835,High_Confidence
3608,A,A,True,0.41114493875969804,Low_Review
5014,C,C,True,0.3983494649295074,Low_Review
7757,D,A,False,0.42094321996954975,Low_Review
4932,B,B,True,0.4275997126162247,Low_Review
5563,D,D,True,0.9941594614400125,High_Confidence
3727,D,D,True,0.8969894640823923,High_Confidence
1128,C,C,True,0.5815361976749783,Moderate_Review
746,C,B,False,0.43837487984677764,Low_Review
2887,A,A,True,0.6508725571340523,Moderate_Review
4609,D,D,True,0.999212078017052,High_Confidence
38,A,A,True,0.3562090494368444,Low_Review
3980,A,C,False,0.5213886835082193,Moderate_Review
7968,A,B,False,0.38309861849220306,Low_Review
141,C,C,True,0.7377959608471918,Moderate_Review
4751,D,D,True,0.9824190744770204,High_Confidence
5671,D,D,True,0.6922889167075535,Moderate_Review
1213,B,B,True,0.4183813340344762,Low_Review
5872,B,C,False,0.42591161889671214,Low_Review
6517,A,A,True,0.5056305612200863,Moderate_Review
1539,B,A,False,0.6393816043248277,Moderate_Review
7502,B,C,False,0.5295469450774895,Moderate_Review
1230,B,A,False,0.6209735446921055,Moderate_Review
5096,D,A,False,0.6113957853668103,Moderate_Review
2392,D,D,True,0.9314748302814149,High_Confidence
1394,B,A,False,0.6146775915450483,Moderate_Review
7250,C,C,True,0.44684516491091175,Low_Review
4535,B,A,False,0.49206655188324167,Low_Review
3403,A,B,False,0.5596535256124161,Moderate_Review
850,A,B,False,0.5108181477033357,Moderate_Review
4026,D,D,True,0.9733209315928502,High_Confidence
6314,C,C,True,0.3878261425331473,Low_Review
2327,C,C,True,0.6674022217546371,Moderate_Review
4943,D,A,False,0.42265967219311873,Low_Review
2879,D,D,True,0.8705568317353682,High_Confidence
1520,C,C,True,0.7824257348779823,High_Confidence
7323,C,C,True,0.649412475869086,Moderate_Review
369,C,B,False,0.47076792312430216,Low_Review
7352,B,A,False,0.5819787902978176,Moderate_Review
6048,A,D,False,0.9954841789290373,High_Confidence
1096,D,D,True,0.9997096166170963,High_Confidence
2985,D,D,True,0.8930875883853028,High_Confidence
4302,A,A,True,0.5515274819448547,Moderate_Review
4981,D,D,True,0.8777751877306031,High_Confidence
4897,D,D,True,0.9057710511745183,High_Confidence
2215,A,A,True,0.5615727708285394,Moderate_Review
678,D,D,True,0.989861706217103,High_Confidence
7392,D,D,True,0.9954841789290373,High_Confidence
4130,C,C,True,0.6085665335428591,Moderate_Review
5599,D,A,False,0.40446573345036113,Low_Review
6668,A,D,False,0.8543097721199074,High_Confidence
5715,B,C,False,0.4415070468187376,Low_Review
3868,D,D,True,0.960936036991717,High_Confidence
3696,A,C,False,0.5502333614034168,Moderate_Review
8063,D,D,True,0.993788802255868,High_Confidence
6996,D,B,False,0.4183854277979804,Low_Review
7982,C,C,True,0.6714695460221496,Moderate_Review
6442,A,D,False,0.3405282522751406,Low_Review
7382,A,C,False,0.6381654277132845,Moderate_Review
3881,B,A,False,0.5787495531493965,Moderate_Review
6540,B,A,False,0.5519320417850536,Moderate_Review
4138,A,D,False,0.8887744639774506,High_Confidence
6805,D,D,True,0.9998099451653478,High_Confidence
3066,D,A,False,0.46520624643980246,Low_Review
861,A,D,False,0.4407606302783469,Low_Review
69,A,B,False,0.44638797220469373,Low_Review
2294,D,A,False,0.6108923553867155,Moderate_Review
5020,D,A,False,0.5713048526710612,Moderate_Review
4802,B,B,True,0.523618664554591,Moderate_Review
4356,B,B,True,0.36298328756252,Low_Review
6266,B,C,False,0.506550858459378,Moderate_Review
7831,B,C,False,0.6498300282557522,Moderate_Review
7317,C,C,True,0.41506542547946346,Low_Review
4579,A,B,False,0.3662523416950066,Low_Review
3699,D,D,True,0.989861706217103,High_Confidence
2004,A,A,True,0.4278429702355395,Low_Review
2088,B,B,True,0.44184505787873346,Low_Review
7623,B,B,True,0.4564733614770121,Low_Review
4278,D,D,True,0.9996701614707278,High_Confidence
3784,D,D,True,0.6797972336838437,Moderate_Review
7727,C,B,False,0.46492735077969677,Low_Review
957,C,D,False,0.9856659035267352,High_Confidence
8062,B,C,False,0.5597632368964037,Moderate_Review
6590,B,B,True,0.4314682046106882,Low_Review
4133,B,C,False,0.7549052519538257,High_Confidence
3283,A,D,False,0.7660658105766663,High_Confidence
2346,C,D,False,0.8680147951346672,High_Confidence
1497,D,D,True,0.9950915695949232,High_Confidence
1029,C,A,False,0.47303812637619524,Low_Review
7597,D,D,True,0.8529201109359353,High_Confidence
6133,D,D,True,0.5052629143565048,Moderate_Review
7489,A,A,True,0.49308355860703657,Low_Review
3349,D,D,True,0.9085507067983288,High_Confidence
1938,C,C,True,0.6557038255675529,Moderate_Review
4634,B,D,False,0.8159537333190882,High_Confidence
6769,D,D,True,0.999766186928377,High_Confidence
4638,C,C,True,0.7873812541401995,High_Confidence
4146,D,B,False,0.42428389927383203,Low_Review
4902,B,C,False,0.4854668397820719,Low_Review
465,D,D,True,0.7557468202267303,High_Confidence
4588,A,B,False,0.49761294069171064,Low_Review
2988,B,A,False,0.3365968627968992,Low_Review
1433,C,C,True,0.6859744364318309,Moderate_Review
3995,A,D,False,0.803216280745695,High_Confidence
5079,B,D,False,0.9588457674350658,High_Confidence
3932,D,D,True,0.9933575358187445,High_Confidence
2105,D,D,True,0.9936872323646332,High_Confidence
6432,C,C,True,0.7371563808834252,Moderate_Review
1065,C,C,True,0.6450940207376137,Moderate_Review
4099,C,C,True,0.6814260810477807,Moderate_Review
7482,C,C,True,0.7265897913236007,Moderate_Review
962,A,B,False,0.4309190116352802,Low_Review
1706,B,A,False,0.5108827916322357,Moderate_Review
4998,A,A,True,0.6091921171786906,Moderate_Review
391,B,C,False,0.3767702068271858,Low_Review
3542,B,C,False,0.4389420627362191,Low_Review
2808,B,C,False,0.5761112353038664,Moderate_Review
3075,D,D,True,0.9844722557784181,High_Confidence
3529,B,C,False,0.6317720780654713,Moderate_Review
2788,A,C,False,0.541853005980907,Moderate_Review
959,D,B,False,0.4796781579516879,Low_Review
5726,A,C,False,0.41467151279071335,Low_Review
3451,D,D,True,0.8226750125460246,High_Confidence
6951,C,B,False,0.4577756036847127,Low_Review
2311,B,C,False,0.3665767887961235,Low_Review
7749,B,C,False,0.575868334407828,Moderate_Review
4801,D,B,False,0.42442943557954355,Low_Review
7221,C,C,True,0.5578914112707954,Moderate_Review
5557,B,A,False,0.5014349620902232,Moderate_Review
5647,A,D,False,0.7272323665948894,Moderate_Review
7145,A,A,True,0.42265967219311873,Low_Review
4335,B,D,False,0.3037184247087436,Low_Review
7761,D,A,False,0.6188599700388935,Moderate_Review
1986,D,C,False,0.4729129791443225,Low_Review
6937,A,D,False,0.565170922656094,Moderate_Review
6756,C,C,True,0.7445435216055736,Moderate_Review
3955,A,C,False,0.5396391989553673,Moderate_Review
4512,D,D,True,0.9928261145127772,High_Confidence
3209,B,C,False,0.7250099046116579,Moderate_Review
7177,C,C,True,0.660748975517588,Moderate_Review
2044,B,D,False,0.98821448583178,High_Confidence
6916,B,A,False,0.5643833740955932,Moderate_Review
7144,C,C,True,0.5843628889246051,Moderate_Review
5189,B,C,False,0.5316316531918054,Moderate_Review
5335,A,A,True,0.4232533452538493,Low_Review
1791,A,A,True,0.4593666690585691,Low_Review
7956,D,D,True,0.475878530268111,Low_Review
7702,B,A,False,0.5797740957854379,Moderate_Review
1479,A,B,False,0.4129319874480458,Low_Review
7251,A,A,True,0.5331955991147955,Moderate_Review
6399,C,A,False,0.5713048526710612,Moderate_Review
757,B,B,True,0.525693384047661,Moderate_Review
4394,B,D,False,0.9626097256493528,High_Confidence
4308,C,B,False,0.4183813340344762,Low_Review
157,C,C,True,0.660379985914098,Moderate_Review
6855,A,C,False,0.5343738259205695,Moderate_Review
5843,D,D,True,0.9933575358187445,High_Confidence
5638,B,C,False,0.449483946621719,Low_Review
7356,A,A,True,0.5915528382392574,Moderate_Review
423,B,C,False,0.6876961250192881,Moderate_Review
1338,D,D,True,0.9936872323646332,High_Confidence
7025,A,C,False,0.5414084647512225,Moderate_Review
5747,C,D,False,0.5504814342943211,Moderate_Review
3448,A,C,False,0.5343738259205695,Moderate_Review
3606,C,D,False,0.9814937954541504,High_Confidence
2075,B,C,False,0.7759435854448602,High_Confidence
5272,D,D,True,0.6803285427829352,Moderate_Review
2366,B,A,False,0.3742664294205503,Low_Review
3749,D,D,True,0.9158643603467831,High_Confidence
1176,C,C,True,0.40339726772363577,Low_Review
2566,D,D,True,0.44899538050647164,Low_Review
4387,B,B,True,0.3436150792745447,Low_Review
6056,B,B,True,0.43657317728567113,Low_Review
7958,C,A,False,0.3520118151427374,Low_Review
1870,A,D,False,0.6039817680254416,Moderate_Review
5027,A,A,True,0.5200262813861796,Moderate_Review
2995,D,B,False,0.4183813340344762,Low_Review
8012,D,D,True,0.9530084587670516,High_Confidence
2323,D,D,True,0.9997096166170963,High_Confidence
4008,D,D,True,0.9875858587669775,High_Confidence
986,A,C,False,0.4415070468187376,Low_Review
2764,D,A,False,0.3512816959233114,Low_Review
62,D,C,False,0.5276805851604561,Moderate_Review
7283,D,D,True,0.687689011823482,Moderate_Review
130,A,B,False,0.44686266186914503,Low_Review
4505,C,C,True,0.6317720780654713,Moderate_Review
5092,A,C,False,0.3756867261292038,Low_Review
4982,C,C,True,0.7873812541401995,High_Confidence
6307,D,D,True,0.9889144430064537,High_Confidence
6991,B,C,False,0.6191781729073275,Moderate_Review
276,C,B,False,0.4924681777600533,Low_Review
5384,C,C,True,0.3765270252463865,Low_Review
5619,C,A,False,0.5312593926984434,Moderate_Review
5085,C,D,False,0.8533480164641861,High_Confidence
7030,B,A,False,0.4501789648268706,Low_Review
1772,A,C,False,0.3765270252463865,Low_Review
4731,A,A,True,0.6870503973055102,Moderate_Review
3278,B,C,False,0.4687453508514247,Low_Review
4697,D,C,False,0.4236415162744567,Low_Review
741,B,B,True,0.4114583932302846,Low_Review
8045,A,C,False,0.545368375911644,Moderate_Review
788,A,A,True,0.3661202328430012,Low_Review
6061,C,C,True,0.5892124992384908,Moderate_Review
4115,C,C,True,0.6654501335338936,Moderate_Review
511,B,C,False,0.3743363670538868,Low_Review
7574,B,C,False,0.4953039176133469,Low_Review
3999,C,C,True,0.780343356756151,High_Confidence
2124,A,C,False,0.5542717701725249,Moderate_Review
6917,D,A,False,0.43912570225425424,Low_Review
6956,C,A,False,0.3287602345375656,Low_Review
7444,D,A,False,0.5918510636489821,Moderate_Review
5847,B,C,False,0.5704570130835788,Moderate_Review
5459,A,A,True,0.7086520303997269,Moderate_Review
6148,A,D,False,0.8510418381678968,High_Confidence
3743,A,A,True,0.6541773393561728,Moderate_Review
4448,C,C,True,0.53867904748565,Moderate_Review
7408,D,D,True,0.8230283775423108,High_Confidence
7073,C,A,False,0.5499852160692275,Moderate_Review
3537,C,C,True,0.5525307106115063,Moderate_Review
6900,D,D,True,0.9390048999306473,High_Confidence
5160,C,B,False,0.44252304456495617,Low_Review
2537,C,C,True,0.5343738259205695,Moderate_Review
7498,D,D,True,0.9933562886195896,High_Confidence
3327,C,A,False,0.36637628564699826,Low_Review
5998,C,D,False,0.9829810201835073,High_Confidence
3558,A,A,True,0.5915528382392574,Moderate_Review
7005,D,B,False,0.45845495067115594,Low_Review
7946,B,C,False,0.6661698668587456,Moderate_Review
7993,C,D,False,0.9949045117115412,High_Confidence
3974,B,C,False,0.6450940207376137,Moderate_Review
5761,C,C,True,0.7759435854448602,High_Confidence
6814,C,C,True,0.6654501335338936,Moderate_Review
3350,B,C,False,0.6381654277132845,Moderate_Review
6436,D,B,False,0.43469606682308504,Low_Review
7198,B,B,True,0.4093143287126271,Low_Review
60,C,C,True,0.780343356756151,High_Confidence
329,C,C,True,0.7426731994873972,Moderate_Review
272,D,D,True,0.9539910283266406,High_Confidence
5248,B,A,False,0.4398424247380896,Low_Review
5573,C,C,True,0.7923313173623316,High_Confidence
1758,A,B,False,0.4373673406134892,Low_Review
7703,A,B,False,0.44572623584778504,Low_Review
4213,B,C,False,0.4109714674954049,Low_Review
1056,D,C,False,0.37570161538294555,Low_Review
7639,C,A,False,0.5712860450313886,Moderate_Review
155,D,A,False,0.3667334118976907,Low_Review
6667,C,C,True,0.4181473764106539,Low_Review
5266,B,A,False,0.49359166660410164,Low_Review
6452,A,C,False,0.324937871860032,Low_Review
6075,A,C,False,0.3665767887961235,Low_Review
4079,C,C,True,0.7364226102057766,Moderate_Review
7969,D,D,True,0.9936872323646332,High_Confidence
5221,D,B,False,0.43469606682308504,Low_Review
4307,D,A,False,0.5601693142141296,Moderate_Review
2914,A,A,True,0.7117753045524947,Moderate_Review
858,D,D,True,0.9422633807227636,High_Confidence
7852,C,C,True,0.7468658030960665,Moderate_Review
5536,D,B,False,0.43469606682308504,Low_Review
4185,A,D,False,0.8444666256058424,High_Confidence
2183,D,D,True,0.9954800504022872,High_Confidence
2069,D,D,True,0.9808195028560183,High_Confidence
1921,D,A,False,0.3793658846895259,Low_Review
5810,A,C,False,0.4840062340954898,Low_Review
939,D,D,True,0.5270878613069012,Moderate_Review
2512,D,D,True,0.9961165515182523,High_Confidence
6093,B,B,True,0.4102287925706688,Low_Review
502,A,D,False,0.8773910088614069,High_Confidence
2696,A,A,True,0.5241176323071978,Moderate_Review
1566,B,D,False,0.9554016628935356,High_Confidence
2671,D,A,False,0.6691210381180912,Moderate_Review
5679,C,C,True,0.6628542884680221,Moderate_Review
6190,A,D,False,0.46382703798614494,Low_Review
375,A,A,True,0.6146775915450483,Moderate_Review
6098,D,D,True,0.9968353204705538,High_Confidence
4882,C,C,True,0.7137925519375192,Moderate_Review
1398,B,C,False,0.6701907551046327,Moderate_Review
1179,D,B,False,0.421345170471847,Low_Review
112,B,C,False,0.43519443779552086,Low_Review
3888,D,A,False,0.3512816959233114,Low_Review
907,A,D,False,0.346126542620633,Low_Review
1532,B,B,True,0.5197994935648632,Moderate_Review
6566,C,C,True,0.41467151279071335,Low_Review
7293,D,D,True,0.39175898939665094,Low_Review
1097,B,C,False,0.42718939417980883,Low_Review
389,C,A,False,0.5620798910792187,Moderate_Review
7695,B,C,False,0.5343738259205695,Moderate_Review
2415,C,C,True,0.4144252592428137,Low_Review
3912,D,D,True,0.9941594614400125,High_Confidence
2906,D,D,True,0.999766186928377,High_Confidence
1697,A,A,True,0.49842244576127276,Low_Review
2983,A,C,False,0.3884205529611182,Low_Review
2561,C,C,True,0.3665767887961235,Low_Review
3728,D,C,False,0.31512221903714827,Low_Review
2533,C,A,False,0.41627781620672316,Low_Review
2173,D,D,True,0.743040681715242,Moderate_Review
5358,B,C,False,0.6492242737424723,Moderate_Review
738,A,A,True,0.4217745357671753,Low_Review
3029,D,A,False,0.4495924317266147,Low_Review
1947,C,C,True,0.7521938255724119,High_Confidence
528,A,A,True,0.630930811519917,Moderate_Review
5244,B,D,False,0.4889496984862182,Low_Review
1687,C,B,False,0.4744485899949316,Low_Review
4082,B,C,False,0.6418684038495261,Moderate_Review
1902,D,D,True,0.830672556963467,High_Confidence
1385,B,C,False,0.5755229047293313,Moderate_Review
6386,B,B,True,0.46512246047705835,Low_Review
7411,B,C,False,0.5603778661721593,Moderate_Review
7571,D,D,True,0.9933562886195896,High_Confidence
5538,A,B,False,0.3687980953861728,Low_Review
51,C,C,True,0.6714695460221496,Moderate_Review
2502,A,C,False,0.5588164392044315,Moderate_Review
2393,D,D,True,0.9954800504022872,High_Confidence
1073,D,A,False,0.4464456552095307,Low_Review
2692,A,D,False,0.9069957494597483,High_Confidence
4510,D,D,True,0.7722890705630934,High_Confidence
3002,A,A,True,0.6498273407564479,Moderate_Review
7460,D,A,False,0.5531260257568829,Moderate_Review
6995,D,C,False,0.5480200390356914,Moderate_Review
2436,D,D,True,0.9734291986588433,High_Confidence
7517,A,A,True,0.6009391064336375,Moderate_Review
561,A,B,False,0.42442943557954355,Low_Review
4209,C,C,True,0.5247542660234311,Moderate_Review
3917,C,C,True,0.7621581668197267,High_Confidence
5303,D,B,False,0.47391891723728446,Low_Review
1764,D,B,False,0.37535016912294145,Low_Review
6675,A,D,False,0.6407205492938942,Moderate_Review
4738,A,A,True,0.5326268774520279,Moderate_Review
949,D,D,True,0.9323332941393927,High_Confidence
5626,B,B,True,0.4183813340344762,Low_Review
4306,B,A,False,0.44403919386892304,Low_Review
1319,D,D,True,0.9231306743080516,High_Confidence
3812,B,B,True,0.42933554666351326,Low_Review
715,D,A,False,0.44813613022900367,Low_Review
6363,B,B,True,0.47224502298281495,Low_Review
4762,B,D,False,0.9841314852023441,High_Confidence
2337,C,C,True,0.4207914508579009,Low_Review
4481,D,D,True,0.8035662552539983,High_Confidence
5655,B,D,False,0.5399607667812815,Moderate_Review
1854,D,D,True,0.41007273289853,Low_Review
2148,D,D,True,0.7449479272811127,Moderate_Review
2234,B,C,False,0.5276805851604561,Moderate_Review
2540,A,A,True,0.5848447572476964,Moderate_Review
5899,C,C,True,0.6609876055016595,Moderate_Review
343,A,A,True,0.560914122137186,Moderate_Review
4043,C,C,True,0.5198281048345303,Moderate_Review
3509,C,C,True,0.6975468722024598,Moderate_Review
29,C,D,False,0.6236255047495852,Moderate_Review
3870,A,A,True,0.5041827361595527,Moderate_Review
1730,C,C,True,0.46701066928119495,Low_Review
4696,C,C,True,0.5755229047293313,Moderate_Review
658,C,C,True,0.7898022762038421,High_Confidence
5304,D,D,True,0.9536705039645564,High_Confidence
2242,B,D,False,0.44903637312758404,Low_Review
1344,A,D,False,0.8639913025289698,High_Confidence
6250,D,D,True,0.9899399978572477,High_Confidence
4296,B,A,False,0.4501789648268706,Low_Review
1890,A,B,False,0.42757519109408537,Low_Review
6830,A,B,False,0.4254065701476091,Low_Review
7605,C,C,True,0.5408496211630398,Moderate_Review
3167,D,A,False,0.5152543782117571,Moderate_Review
5822,A,D,False,0.9727507589568606,High_Confidence
6460,B,C,False,0.6648596613899354,Moderate_Review
6329,C,C,True,0.7873812541401995,High_Confidence
2882,B,B,True,0.41468074020942647,Low_Review
6709,A,A,True,0.6382439677252377,Moderate_Review
690,D,D,True,0.9262623345407428,High_Confidence
760,A,D,False,0.605377778967022,Moderate_Review
645,D,D,True,0.8328477182770349,High_Confidence
6981,D,D,True,0.7049050508798845,Moderate_Review
764,B,C,False,0.6706100253563532,Moderate_Review
3746,B,B,True,0.41328987547846374,Low_Review
4574,B,A,False,0.6407115020639449,Moderate_Review
2522,A,D,False,0.989861706217103,High_Confidence
4343,B,B,True,0.45792103487828134,Low_Review
2799,D,D,True,0.9936872323646332,High_Confidence
2551,C,C,True,0.620530082986892,Moderate_Review
4495,A,C,False,0.48322877920191487,Low_Review
6324,B,B,True,0.41468074020942647,Low_Review
175,C,C,True,0.7873812541401995,High_Confidence
4396,B,C,False,0.4879908073996209,Low_Review
95,D,C,False,0.4551111788269163,Low_Review
2278,B,A,False,0.5686987395269674,Moderate_Review
5133,D,D,True,0.9536705039645564,High_Confidence
7131,B,C,False,0.6943128237235461,Moderate_Review
3321,D,A,False,0.3696503793642673,Low_Review
1855,D,D,True,0.9849703044377245,High_Confidence
1248,C,C,True,0.431571867677168,Low_Review
8036,C,D,False,0.9293842982381557,High_Confidence
4160,C,C,True,0.5473979164083123,Moderate_Review
5314,C,B,False,0.44984245280280505,Low_Review
5479,D,A,False,0.4348057998232792,Low_Review
4056,B,B,True,0.4403174092371414,Low_Review
7103,D,D,True,0.9685587532075582,High_Confidence
5344,C,B,False,0.38309861849220306,Low_Review
4891,A,A,True,0.5486229103793726,Moderate_Review
898,C,A,False,0.533979954331781,Moderate_Review
3200,A,A,True,0.49206655188324167,Low_Review
6963,D,A,False,0.4398424247380896,Low_Review
5053,D,A,False,0.32585487731391266,Low_Review
3642,C,C,True,0.42715976221662544,Low_Review
2746,D,D,True,0.9997438856100199,High_Confidence
3522,C,C,True,0.64937072018884,Moderate_Review
3633,D,B,False,0.44274013469912327,Low_Review
461,A,D,False,0.9540771896571021,High_Confidence
2654,B,C,False,0.703887660652028,Moderate_Review
4251,B,A,False,0.45449507534399125,Low_Review
7564,D,D,True,0.9685587532075582,High_Confidence
4107,D,A,False,0.6006164139836488,Moderate_Review
2823,B,A,False,0.5915105243424266,Moderate_Review
2517,C,D,False,0.8854394971334856,High_Confidence
4153,D,D,True,0.9838444125768684,High_Confidence
6783,D,A,False,0.5155439660538949,Moderate_Review
5347,D,D,True,0.6562156659711107,Moderate_Review
5773,C,D,False,0.8777077054007117,High_Confidence
2913,C,C,True,0.6146876353029458,Moderate_Review
1729,C,C,True,0.5535257831897619,Moderate_Review
7601,A,D,False,0.5519036828162033,Moderate_Review
8026,C,D,False,0.9828764732364758,High_Confidence
109,D,D,True,0.9933562886195896,High_Confidence
4423,B,A,False,0.4232533452538493,Low_Review
3786,D,D,True,0.9949076337919036,High_Confidence
1159,D,D,True,0.9941594614400125,High_Confidence
3076,C,C,True,0.5815361976749783,Moderate_Review
4098,A,A,True,0.6443027209132766,Moderate_Review
4944,D,D,True,0.9936872323646332,High_Confidence
7256,C,C,True,0.7730381463504978,High_Confidence
7550,D,D,True,0.9376025473793016,High_Confidence
4379,C,A,False,0.4593666690585691,Low_Review
7262,A,A,True,0.3512816959233114,Low_Review
2583,D,D,True,0.8970785853244095,High_Confidence
4525,D,A,False,0.5101353553379119,Moderate_Review
6880,D,A,False,0.5207295852745661,Moderate_Review
7310,A,C,False,0.5247542660234311,Moderate_Review
5815,C,C,True,0.5799724371238881,Moderate_Review
2023,C,C,True,0.6191781729073275,Moderate_Review
6067,D,D,True,0.497045123527096,Low_Review
2770,B,C,False,0.6318016919768272,Moderate_Review
332,C,D,False,0.9941594614400125,High_Confidence
3754,B,C,False,0.780343356756151,High_Confidence
7128,A,A,True,0.376900778368327,Low_Review
903,A,C,False,0.37969513150337686,Low_Review
5101,D,D,True,0.9179882830172882,High_Confidence
5879,D,D,True,0.9993768372728631,High_Confidence
5426,D,D,True,0.5550217627964694,Moderate_Review
6109,D,D,True,0.8526303328110207,High_Confidence
6763,A,C,False,0.47826821443045797,Low_Review
782,A,B,False,0.45845495067115594,Low_Review
6687,C,D,False,0.8535890079527605,High_Confidence
2538,A,A,True,0.6675315333811862,Moderate_Review
611,C,C,True,0.7873812541401995,High_Confidence
5737,B,C,False,0.4002635528617222,Low_Review
5490,C,C,True,0.6284088373929809,Moderate_Review
5460,B,B,True,0.4170916646145217,Low_Review
1512,A,C,False,0.5926743204676179,Moderate_Review
1659,C,C,True,0.7420164615401531,Moderate_Review
1503,A,A,True,0.5135139403449666,Moderate_Review
6978,B,C,False,0.6510919443419958,Moderate_Review
32,D,D,True,0.9941108049049421,High_Confidence
4856,A,A,True,0.5308104787747044,Moderate_Review
2623,B,A,False,0.7006445666935582,Moderate_Review
4877,D,D,True,0.7286482063099069,Moderate_Review
1320,A,B,False,0.46338723916415325,Low_Review
5011,D,D,True,0.6834277018952147,Moderate_Review
1535,A,A,True,0.4847473025312574,Low_Review
3468,C,C,True,0.5640391977370552,Moderate_Review
6134,D,D,True,0.8308034305231202,High_Confidence
5283,C,C,True,0.6596445873914507,Moderate_Review
3290,A,C,False,0.47826821443045797,Low_Review
2092,B,C,False,0.5028888129430856,Moderate_Review
5808,A,A,True,0.6370642442839125,Moderate_Review
3050,D,D,True,0.9513328693390946,High_Confidence
557,A,B,False,0.4877925125763389,Low_Review
2459,D,B,False,0.3570944024871672,Low_Review
6343,D,D,True,0.9936872323646332,High_Confidence
4453,B,C,False,0.6108371416551547,Moderate_Review
5670,A,A,True,0.6146775915450483,Moderate_Review
6230,B,C,False,0.6654501335338936,Moderate_Review
363,A,D,False,0.6016873485228244,Moderate_Review
7991,B,C,False,0.3994826922818692,Low_Review
4936,C,C,True,0.4941364148113272,Low_Review
7366,A,D,False,0.5104846871671767,Moderate_Review
7305,C,C,True,0.7730381463504978,High_Confidence
7543,A,B,False,0.4183813340344762,Low_Review
5222,B,A,False,0.4278429702355395,Low_Review
1588,B,B,True,0.4808089979845439,Low_Review
6987,A,A,True,0.4789668462435377,Low_Review
2847,D,D,True,0.9611836951046508,High_Confidence
714,B,C,False,0.4035972084886308,Low_Review
5044,C,A,False,0.6361046760384628,Moderate_Review
694,C,C,True,0.6205062695382949,Moderate_Review
7538,A,D,False,0.936402001197705,High_Confidence
7694,D,B,False,0.31943041165295627,Low_Review
2606,C,C,True,0.6147483820980777,Moderate_Review
1193,D,D,True,0.8903825674885812,High_Confidence
5936,D,D,True,0.9996701614707278,High_Confidence
445,C,C,True,0.6262667249172578,Moderate_Review
5029,B,C,False,0.5640391977370552,Moderate_Review
7126,D,D,True,0.9047616211814965,High_Confidence
3951,A,A,True,0.5713048526710612,Moderate_Review
7304,A,D,False,0.9948816995434625,High_Confidence
7056,D,D,True,0.9844722557784181,High_Confidence
4824,B,A,False,0.5312593926984434,Moderate_Review
2777,D,D,True,0.9828764732364758,High_Confidence
2186,D,D,True,0.9813662136725141,High_Confidence
55,B,C,False,0.6418684038495261,Moderate_Review
2919,C,C,True,0.5414084647512225,Moderate_Review
7285,C,C,True,0.5396391989553673,Moderate_Review
532,B,B,True,0.4531088885479294,Low_Review
1464,B,C,False,0.3760928504205069,Low_Review
7494,C,C,True,0.6478853376422814,Moderate_Review
7427,D,D,True,0.49548419238320107,Low_Review
3672,B,C,False,0.5535257831897619,Moderate_Review
5243,A,A,True,0.4646000398928233,Low_Review
2036,D,C,False,0.3470219468660396,Low_Review
4720,C,D,False,0.9953901019804673,High_Confidence
3043,C,C,True,0.6191781729073275,Moderate_Review
5184,A,A,True,0.5321469269487096,Moderate_Review
3498,C,C,True,0.675942677453624,Moderate_Review
5091,A,C,False,0.4389420627362191,Low_Review
2236,B,B,True,0.4299923357853464,Low_Review
6617,C,B,False,0.4164447210518318,Low_Review
1884,C,A,False,0.5128792514083715,Moderate_Review
2304,C,C,True,0.4482100549435768,Low_Review
8004,D,D,True,0.823568743905079,High_Confidence
6407,C,C,True,0.649704708878848,Moderate_Review
3237,D,D,True,0.7592636547408111,High_Confidence
1674,D,D,True,0.9779415358235404,High_Confidence
1149,A,D,False,0.43786167038110474,Low_Review
546,A,D,False,0.49601594737702326,Low_Review
926,D,D,True,0.9996940217210338,High_Confidence
6367,B,C,False,0.39698019736192347,Low_Review
1124,C,A,False,0.45688480674213977,Low_Review
4410,B,A,False,0.46371590474517965,Low_Review
4281,B,B,True,0.38411973443506886,Low_Review
4456,C,C,True,0.5235597440430895,Moderate_Review
4277,C,B,False,0.34040052988806585,Low_Review
442,C,C,True,0.7521938255724119,High_Confidence
3775,D,A,False,0.4833170247077296,Low_Review
4237,A,B,False,0.4093143287126271,Low_Review
6333,D,D,True,0.9954841789290373,High_Confidence
5441,A,D,False,0.8328477182770349,High_Confidence
5135,C,A,False,0.29585360837749825,Low_Review
76,D,A,False,0.4364071980511893,Low_Review
5894,B,D,False,0.7276112411817671,Moderate_Review
748,C,A,False,0.4398424247380896,Low_Review
7683,C,A,False,0.6370642442839125,Moderate_Review
5450,B,C,False,0.3600068723852029,Low_Review
1862,D,A,False,0.6815085737188897,Moderate_Review
6191,D,D,True,0.989861706217103,High_Confidence
7324,D,D,True,0.4189872183709748,Low_Review
2848,C,A,False,0.39431429058135786,Low_Review
2817,D,D,True,0.8605113217437454,High_Confidence
816,D,D,True,0.9381270794077788,High_Confidence
6122,A,A,True,0.6603631886533267,Moderate_Review
6754,A,A,True,0.4829741782245162,Low_Review
6723,D,C,False,0.3332736629407549,Low_Review
7368,B,C,False,0.6318016919768272,Moderate_Review
2890,C,D,False,0.802703698513584,High_Confidence
4779,D,A,False,0.487371410375501,Low_Review
3502,B,D,False,0.9454378877738495,High_Confidence
5112,B,C,False,0.6551879733559567,Moderate_Review
4083,D,D,True,0.9344996914962002,High_Confidence
4551,D,D,True,0.9788676782881456,High_Confidence
718,D,D,True,0.9941594614400125,High_Confidence
4232,D,D,True,0.9862785931445142,High_Confidence
4441,C,C,True,0.6418684038495261,Moderate_Review
1330,B,C,False,0.5414084647512225,Moderate_Review
3402,D,D,True,0.996984284890007,High_Confidence
4476,A,D,False,0.7844339385758358,High_Confidence
3716,A,B,False,0.4320056120265339,Low_Review
6036,C,C,True,0.5108291710000858,Moderate_Review
1309,B,D,False,0.5127060167242835,Moderate_Review
7963,C,C,True,0.5377757122594705,Moderate_Review
5813,D,D,True,0.8154265082216433,High_Confidence
39,C,C,True,0.780343356756151,High_Confidence
3707,B,A,False,0.4666557408364799,Low_Review
4630,C,D,False,0.5734447264588999,Moderate_Review
7199,A,B,False,0.3965287262830227,Low_Review
7060,C,C,True,0.7646772775030666,High_Confidence
756,A,A,True,0.6211536183833077,Moderate_Review
724,D,D,True,0.9145748030166216,High_Confidence
5420,B,C,False,0.5396391989553673,Moderate_Review
4012,D,D,True,0.9672976683444034,High_Confidence
1215,C,C,True,0.780343356756151,High_Confidence
5554,A,D,False,0.3405282522751406,Low_Review
4475,A,C,False,0.6216848379005003,Moderate_Review
1971,A,C,False,0.40161757573449747,Low_Review
7903,B,A,False,0.5983595249497626,Moderate_Review
4868,C,C,True,0.5755229047293313,Moderate_Review
5427,B,C,False,0.4448285048068242,Low_Review
5740,A,B,False,0.5007650692526385,Moderate_Review
6074,A,C,False,0.5755229047293313,Moderate_Review
2433,C,D,False,0.9403759906210236,High_Confidence
2461,C,C,True,0.6205062695382949,Moderate_Review
1315,D,D,True,0.9958517433317012,High_Confidence
6986,D,D,True,0.48685788483767006,Low_Review
5039,B,A,False,0.4313803682558373,Low_Review
392,A,C,False,0.3710263836541352,Low_Review
1488,B,D,False,0.4247684601320166,Low_Review
4015,A,A,True,0.42265967219311873,Low_Review
1692,C,C,True,0.6189672347478562,Moderate_Review
5669,A,D,False,0.43580414695324554,Low_Review
2973,C,C,True,0.7420164615401531,Moderate_Review
1135,C,C,True,0.7824257348779823,High_Confidence
3896,B,A,False,0.6209735446921055,Moderate_Review
5693,A,D,False,0.9239385988452963,High_Confidence
2213,B,C,False,0.6725718902840765,Moderate_Review
522,D,D,True,0.687803995979071,Moderate_Review
6607,C,C,True,0.7377959608471918,Moderate_Review
1746,D,D,True,0.9949045117115412,High_Confidence
451,D,D,True,0.6120921031123887,Moderate_Review
3883,D,D,True,0.9978570329751277,High_Confidence
5584,D,D,True,0.9941594614400125,High_Confidence
6389,A,D,False,0.44439548142482116,Low_Review
7108,A,C,False,0.5631395666399356,Moderate_Review
2579,B,C,False,0.7764094774883908,High_Confidence
796,D,A,False,0.40050896007359926,Low_Review
4271,C,D,False,0.9685587532075582,High_Confidence
3308,B,A,False,0.5706364444817147,Moderate_Review
3103,A,D,False,0.6857947506302265,Moderate_Review
1350,D,D,True,0.8981354158142146,High_Confidence
6791,A,C,False,0.3332736629407549,Low_Review
4276,B,A,False,0.5370490192292762,Moderate_Review
2467,B,A,False,0.5499852160692275,Moderate_Review
808,D,D,True,0.999212078017052,High_Confidence
2143,D,A,False,0.49227211171717516,Low_Review
19,C,B,False,0.4967315098837122,Low_Review
4433,C,A,False,0.4232533452538493,Low_Review
5640,B,B,True,0.3612532053480099,Low_Review
1840,C,A,False,0.49227211171717516,Low_Review
1158,D,D,True,0.9965684116542812,High_Confidence
2012,A,A,True,0.7252003953919821,Moderate_Review
5722,B,B,True,0.46338723916415325,Low_Review
4935,A,A,True,0.4726539228227305,Low_Review
704,B,C,False,0.43886678412781605,Low_Review
1123,C,C,True,0.5415887704670324,Moderate_Review
1908,A,C,False,0.5262231915147315,Moderate_Review
7584,C,C,True,0.7577576588323792,High_Confidence
7172,B,B,True,0.5720518215656089,Moderate_Review
1684,A,C,False,0.5414084647512225,Moderate_Review
3621,B,D,False,0.6279442425124567,Moderate_Review
7612,C,C,True,0.7426731994873972,Moderate_Review
6380,C,C,True,0.7873812541401995,High_Confidence
7365,D,A,False,0.5714630326000173,Moderate_Review
899,D,D,True,0.9388138315338673,High_Confidence
2637,B,C,False,0.5320847892525733,Moderate_Review
5985,B,A,False,0.4398424247380896,Low_Review
3848,B,A,False,0.3562090494368444,Low_Review
2643,D,B,False,0.42442943557954355,Low_Review
6434,C,B,False,0.37557113737780345,Low_Review
1819,A,C,False,0.5865895360206211,Moderate_Review
33,D,D,True,0.9318403897186949,High_Confidence
6246,B,A,False,0.547625960703579,Moderate_Review
7983,D,B,False,0.44531963164060917,Low_Review
7602,A,C,False,0.7898022762038421,High_Confidence
3170,C,C,True,0.7577576588323792,High_Confidence
5911,B,B,True,0.47768141617116106,Low_Review
871,C,C,True,0.5597483795725242,Moderate_Review
3009,B,B,True,0.4148308497559749,Low_Review
5318,C,B,False,0.49260683979503905,Low_Review
1289,C,C,True,0.4482100549435768,Low_Review
6017,C,C,True,0.6674022217546371,Moderate_Review
5521,C,B,False,0.5138705112560908,Moderate_Review
6768,D,D,True,0.9685587532075582,High_Confidence
1838,B,D,False,0.9978570329751277,High_Confidence
2558,D,D,True,0.9808195028560183,High_Confidence
1636,D,D,True,0.9928261145127772,High_Confidence
2411,C,D,False,0.59139930185124,Moderate_Review
1868,D,D,True,0.989861706217103,High_Confidence
7619,C,D,False,0.8119197488061968,High_Confidence
5171,C,C,True,0.3600068723852029,Low_Review
6413,D,D,True,0.9041837382168849,High_Confidence
6514,A,A,True,0.6366568132488777,Moderate_Review
6812,C,C,True,0.6478853376422814,Moderate_Review
6972,A,D,False,0.8327843986981303,High_Confidence
7127,A,A,True,0.4551306739053603,Low_Review
4159,A,C,False,0.7445435216055736,Moderate_Review
7209,A,B,False,0.4719742415991745,Low_Review
4257,D,D,True,0.9936872323646332,High_Confidence
623,C,C,True,0.4289377383763724,Low_Review
700,D,D,True,0.8611898075939625,High_Confidence
7907,A,A,True,0.4899317087647667,Low_Review
1573,B,D,False,0.9791590527058368,High_Confidence
137,D,B,False,0.33096214611276087,Low_Review
1828,C,B,False,0.4541803275587191,Low_Review
4758,D,B,False,0.4179490913867503,Low_Review
5951,B,C,False,0.6381654277132845,Moderate_Review
2826,A,C,False,0.47680018833376453,Low_Review
5115,B,A,False,0.49206655188324167,Low_Review
1964,A,D,False,0.46816462582140345,Low_Review
2113,D,A,False,0.5594392790448655,Moderate_Review
2185,B,A,False,0.5241176323071978,Moderate_Review
1020,D,D,True,0.9936872323646332,High_Confidence
3172,B,A,False,0.4614442798989405,Low_Review
2644,B,A,False,0.6154001488785186,Moderate_Review
74,C,C,True,0.7873812541401995,High_Confidence
7978,C,D,False,0.8773910088614069,High_Confidence
221,A,B,False,0.38387530806182696,Low_Review
7023,C,D,False,0.979214066562974,High_Confidence
7486,B,C,False,0.536002332453053,Moderate_Review
1571,A,A,True,0.5415382990104923,Moderate_Review
6635,C,D,False,0.9788676782881456,High_Confidence
5128,A,A,True,0.4232533452538493,Low_Review
2289,B,C,False,0.5815361976749783,Moderate_Review
5285,B,A,False,0.5547659271411601,Moderate_Review
514,C,C,True,0.5814944983565887,Moderate_Review
