row_id,label,split
CROP_000001,rice,test
CROP_000002,rice,validation
CROP_000003,rice,train
CROP_000004,rice,train
CROP_000005,rice,test
CROP_000006,rice,validation
CROP_000007,rice,train
CROP_000008,rice,test
CROP_000009,rice,train
CROP_000010,rice,train
CROP_000011,rice,train
CROP_000012,rice,train
CROP_000013,rice,train
CROP_000014,rice,test
CROP_000015,rice,train
CROP_000016,rice,train
CROP_000017,rice,test
CROP_000018,rice,train
CROP_000019,rice,validation
CROP_000020,rice,train
CROP_000021,rice,train
CROP_000022,rice,train
CROP_000023,rice,validation
CROP_000024,rice,train
CROP_000025,rice,train
CROP_000026,rice,validation
CROP_000027,rice,train
CROP_000028,rice,test
CROP_000029,rice,test
CROP_000030,rice,test
CROP_000031,rice,validation
CROP_000032,rice,train
CROP_000033,rice,test
CROP_000034,rice,validation
CROP_000035,rice,train
CROP_000036,rice,train
CROP_000037,rice,train
CROP_000038,rice,validation
CROP_000039,rice,train
CROP_000040,rice,train
CROP_000041,rice,train
CROP_000042,rice,train
CROP_000043,rice,validation
CROP_000044,rice,train
CROP_000045,rice,validation
CROP_000046,rice,test
CROP_000047,rice,validation
CROP_000048,rice,test
CROP_000049,rice,train
CROP_000050,rice,test
CROP_000051,rice,train
CROP_000052,rice,validation
CROP_000053,rice,test
CROP_000054,rice,train
CROP_000055,rice,validation
CROP_000056,rice,train
CROP_000057,rice,train
CROP_000058,rice,train
CROP_000059,rice,train
CROP_000060,rice,train
CROP_000061,rice,train
CROP_000062,rice,test
CROP_000063,rice,train
CROP_000064,rice,train
CROP_000065,rice,test
CROP_000066,rice,train
CROP_000067,rice,train
CROP_000068,rice,test
CROP_000069,rice,train
CROP_000070,rice,train
CROP_000071,rice,train
CROP_000072,rice,test
CROP_000073,rice,train
CROP_000074,rice,validation
CROP_000075,rice,train
CROP_000076,rice,train
CROP_000077,rice,train
CROP_000078,rice,train
CROP_000079,rice,train
CROP_000080,rice,test
CROP_000081,rice,train
CROP_000082,rice,train
CROP_000083,rice,train
CROP_000084,rice,validation
CROP_000085,rice,validation
CROP_000086,rice,test
CROP_000087,rice,validation
CROP_000088,rice,train
CROP_000089,rice,train
CROP_000090,rice,validation
CROP_000091,rice,validation
CROP_000092,rice,train
CROP_000093,rice,validation
CROP_000094,rice,test
CROP_000095,rice,train
CROP_000096,rice,train
CROP_000097,rice,train
CROP_000098,rice,train
CROP_000099,rice,train
CROP_000100,rice,train
CROP_000101,maize,test
CROP_000102,maize,train
CROP_000103,maize,train
CROP_000104,maize,train
CROP_000105,maize,test
CROP_000106,maize,train
CROP_000107,maize,train
CROP_000108,maize,train
CROP_000109,maize,validation
CROP_000110,maize,train
CROP_000111,maize,test
CROP_000112,maize,train
CROP_000113,maize,train
CROP_000114,maize,train
CROP_000115,maize,test
CROP_000116,maize,train
CROP_000117,maize,train
CROP_000118,maize,train
CROP_000119,maize,train
CROP_000120,maize,train
CROP_000121,maize,test
CROP_000122,maize,train
CROP_000123,maize,test
CROP_000124,maize,train
CROP_000125,maize,test
CROP_000126,maize,test
CROP_000127,maize,train
CROP_000128,maize,train
CROP_000129,maize,test
CROP_000130,maize,train
CROP_000131,maize,test
CROP_000132,maize,train
CROP_000133,maize,train
CROP_000134,maize,train
CROP_000135,maize,test
CROP_000136,maize,validation
CROP_000137,maize,validation
CROP_000138,maize,train
CROP_000139,maize,train
CROP_000140,maize,test
CROP_000141,maize,test
CROP_000142,maize,train
CROP_000143,maize,train
CROP_000144,maize,train
CROP_000145,maize,train
CROP_000146,maize,validation
CROP_000147,maize,validation
CROP_000148,maize,train
CROP_000149,maize,train
CROP_000150,maize,train
CROP_000151,maize,test
CROP_000152,maize,validation
CROP_000153,maize,test
CROP_000154,maize,validation
CROP_000155,maize,validation
CROP_000156,maize,train
CROP_000157,maize,validation
CROP_000158,maize,train
CROP_000159,maize,train
CROP_000160,maize,train
CROP_000161,maize,train
CROP_000162,maize,train
CROP_000163,maize,validation
CROP_000164,maize,train
CROP_000165,maize,train
CROP_000166,maize,train
CROP_000167,maize,train
CROP_000168,maize,validation
CROP_000169,maize,train
CROP_000170,maize,train
CROP_000171,maize,train
CROP_000172,maize,validation
CROP_000173,maize,train
CROP_000174,maize,train
CROP_000175,maize,train
CROP_000176,maize,train
CROP_000177,maize,validation
CROP_000178,maize,validation
CROP_000179,maize,validation
CROP_000180,maize,validation
CROP_000181,maize,train
CROP_000182,maize,test
CROP_000183,maize,train
CROP_000184,maize,validation
CROP_000185,maize,train
CROP_000186,maize,test
CROP_000187,maize,train
CROP_000188,maize,validation
CROP_000189,maize,validation
CROP_000190,maize,train
CROP_000191,maize,train
CROP_000192,maize,test
CROP_000193,maize,test
CROP_000194,maize,train
CROP_000195,maize,train
CROP_000196,maize,train
CROP_000197,maize,train
CROP_000198,maize,train
CROP_000199,maize,test
CROP_000200,maize,validation
CROP_000201,chickpea,train
CROP_000202,chickpea,train
CROP_000203,chickpea,test
CROP_000204,chickpea,test
CROP_000205,chickpea,train
CROP_000206,chickpea,validation
CROP_000207,chickpea,train
CROP_000208,chickpea,validation
CROP_000209,chickpea,train
CROP_000210,chickpea,train
CROP_000211,chickpea,train
CROP_000212,chickpea,train
CROP_000213,chickpea,train
CROP_000214,chickpea,train
CROP_000215,chickpea,train
CROP_000216,chickpea,train
CROP_000217,chickpea,test
CROP_000218,chickpea,validation
CROP_000219,chickpea,test
CROP_000220,chickpea,train
CROP_000221,chickpea,validation
CROP_000222,chickpea,test
CROP_000223,chickpea,train
CROP_000224,chickpea,test
CROP_000225,chickpea,test
CROP_000226,chickpea,train
CROP_000227,chickpea,test
CROP_000228,chickpea,validation
CROP_000229,chickpea,train
CROP_000230,chickpea,validation
CROP_000231,chickpea,train
CROP_000232,chickpea,validation
CROP_000233,chickpea,test
CROP_000234,chickpea,train
CROP_000235,chickpea,test
CROP_000236,chickpea,train
CROP_000237,chickpea,validation
CROP_000238,chickpea,test
CROP_000239,chickpea,train
CROP_000240,chickpea,train
CROP_000241,chickpea,train
CROP_000242,chickpea,train
CROP_000243,chickpea,train
CROP_000244,chickpea,test
CROP_000245,chickpea,train
CROP_000246,chickpea,validation
CROP_000247,chickpea,train
CROP_000248,chickpea,test
CROP_000249,chickpea,validation
CROP_000250,chickpea,train
CROP_000251,chickpea,test
CROP_000252,chickpea,train
CROP_000253,chickpea,validation
CROP_000254,chickpea,validation
CROP_000255,chickpea,train
CROP_000256,chickpea,train
CROP_000257,chickpea,train
CROP_000258,chickpea,train
CROP_000259,chickpea,test
CROP_000260,chickpea,test
CROP_000261,chickpea,test
CROP_000262,chickpea,train
CROP_000263,chickpea,validation
CROP_000264,chickpea,test
CROP_000265,chickpea,train
CROP_000266,chickpea,train
CROP_000267,chickpea,train
CROP_000268,chickpea,train
CROP_000269,chickpea,validation
CROP_000270,chickpea,train
CROP_000271,chickpea,train
CROP_000272,chickpea,train
CROP_000273,chickpea,train
CROP_000274,chickpea,validation
CROP_000275,chickpea,train
CROP_000276,chickpea,validation
CROP_000277,chickpea,train
CROP_000278,chickpea,train
CROP_000279,chickpea,validation
CROP_000280,chickpea,train
CROP_000281,chickpea,train
CROP_000282,chickpea,train
CROP_000283,chickpea,train
CROP_000284,chickpea,train
CROP_000285,chickpea,train
CROP_000286,chickpea,validation
CROP_000287,chickpea,train
CROP_000288,chickpea,validation
CROP_000289,chickpea,train
CROP_000290,chickpea,train
CROP_000291,chickpea,validation
CROP_000292,chickpea,train
CROP_000293,chickpea,train
CROP_000294,chickpea,train
CROP_000295,chickpea,train
CROP_000296,chickpea,test
CROP_000297,chickpea,train
CROP_000298,chickpea,test
CROP_000299,chickpea,train
CROP_000300,chickpea,train
CROP_000301,kidneybeans,train
CROP_000302,kidneybeans,train
CROP_000303,kidneybeans,validation
CROP_000304,kidneybeans,test
CROP_000305,kidneybeans,test
CROP_000306,kidneybeans,test
CROP_000307,kidneybeans,train
CROP_000308,kidneybeans,validation
CROP_000309,kidneybeans,validation
CROP_000310,kidneybeans,train
CROP_000311,kidneybeans,train
CROP_000312,kidneybeans,train
CROP_000313,kidneybeans,train
CROP_000314,kidneybeans,train
CROP_000315,kidneybeans,train
CROP_000316,kidneybeans,train
CROP_000317,kidneybeans,train
CROP_000318,kidneybeans,train
CROP_000319,kidneybeans,train
CROP_000320,kidneybeans,train
CROP_000321,kidneybeans,test
CROP_000322,kidneybeans,test
CROP_000323,kidneybeans,train
CROP_000324,kidneybeans,test
CROP_000325,kidneybeans,train
CROP_000326,kidneybeans,validation
CROP_000327,kidneybeans,train
CROP_000328,kidneybeans,train
CROP_000329,kidneybeans,train
CROP_000330,kidneybeans,train
CROP_000331,kidneybeans,validation
CROP_000332,kidneybeans,train
CROP_000333,kidneybeans,test
CROP_000334,kidneybeans,train
CROP_000335,kidneybeans,train
CROP_000336,kidneybeans,test
CROP_000337,kidneybeans,train
CROP_000338,kidneybeans,train
CROP_000339,kidneybeans,train
CROP_000340,kidneybeans,test
CROP_000341,kidneybeans,train
CROP_000342,kidneybeans,train
CROP_000343,kidneybeans,train
CROP_000344,kidneybeans,validation
CROP_000345,kidneybeans,validation
CROP_000346,kidneybeans,train
CROP_000347,kidneybeans,train
CROP_000348,kidneybeans,train
CROP_000349,kidneybeans,train
CROP_000350,kidneybeans,train
CROP_000351,kidneybeans,validation
CROP_000352,kidneybeans,test
CROP_000353,kidneybeans,test
CROP_000354,kidneybeans,train
CROP_000355,kidneybeans,test
CROP_000356,kidneybeans,test
CROP_000357,kidneybeans,validation
CROP_000358,kidneybeans,train
CROP_000359,kidneybeans,validation
CROP_000360,kidneybeans,train
CROP_000361,kidneybeans,train
CROP_000362,kidneybeans,validation
CROP_000363,kidneybeans,train
CROP_000364,kidneybeans,test
CROP_000365,kidneybeans,train
CROP_000366,kidneybeans,test
CROP_000367,kidneybeans,train
CROP_000368,kidneybeans,train
CROP_000369,kidneybeans,train
CROP_000370,kidneybeans,validation
CROP_000371,kidneybeans,train
CROP_000372,kidneybeans,train
CROP_000373,kidneybeans,validation
CROP_000374,kidneybeans,test
CROP_000375,kidneybeans,validation
CROP_000376,kidneybeans,train
CROP_000377,kidneybeans,train
CROP_000378,kidneybeans,train
CROP_000379,kidneybeans,train
CROP_000380,kidneybeans,train
CROP_000381,kidneybeans,train
CROP_000382,kidneybeans,validation
CROP_000383,kidneybeans,test
CROP_000384,kidneybeans,validation
CROP_000385,kidneybeans,train
CROP_000386,kidneybeans,validation
CROP_000387,kidneybeans,validation
CROP_000388,kidneybeans,test
CROP_000389,kidneybeans,train
CROP_000390,kidneybeans,train
CROP_000391,kidneybeans,train
CROP_000392,kidneybeans,train
CROP_000393,kidneybeans,validation
CROP_000394,kidneybeans,train
CROP_000395,kidneybeans,train
CROP_000396,kidneybeans,validation
CROP_000397,kidneybeans,train
CROP_000398,kidneybeans,test
CROP_000399,kidneybeans,train
CROP_000400,kidneybeans,test
CROP_000401,pigeonpeas,train
CROP_000402,pigeonpeas,train
CROP_000403,pigeonpeas,test
CROP_000404,pigeonpeas,validation
CROP_000405,pigeonpeas,train
CROP_000406,pigeonpeas,test
CROP_000407,pigeonpeas,validation
CROP_000408,pigeonpeas,test
CROP_000409,pigeonpeas,validation
CROP_000410,pigeonpeas,train
CROP_000411,pigeonpeas,train
CROP_000412,pigeonpeas,validation
CROP_000413,pigeonpeas,test
CROP_000414,pigeonpeas,validation
CROP_000415,pigeonpeas,validation
CROP_000416,pigeonpeas,train
CROP_000417,pigeonpeas,train
CROP_000418,pigeonpeas,train
CROP_000419,pigeonpeas,validation
CROP_000420,pigeonpeas,train
CROP_000421,pigeonpeas,train
CROP_000422,pigeonpeas,validation
CROP_000423,pigeonpeas,train
CROP_000424,pigeonpeas,train
CROP_000425,pigeonpeas,test
CROP_000426,pigeonpeas,test
CROP_000427,pigeonpeas,train
CROP_000428,pigeonpeas,train
CROP_000429,pigeonpeas,train
CROP_000430,pigeonpeas,train
CROP_000431,pigeonpeas,train
CROP_000432,pigeonpeas,test
CROP_000433,pigeonpeas,train
CROP_000434,pigeonpeas,train
CROP_000435,pigeonpeas,train
CROP_000436,pigeonpeas,test
CROP_000437,pigeonpeas,train
CROP_000438,pigeonpeas,train
CROP_000439,pigeonpeas,train
CROP_000440,pigeonpeas,train
CROP_000441,pigeonpeas,test
CROP_000442,pigeonpeas,train
CROP_000443,pigeonpeas,train
CROP_000444,pigeonpeas,validation
CROP_000445,pigeonpeas,validation
CROP_000446,pigeonpeas,test
CROP_000447,pigeonpeas,train
CROP_000448,pigeonpeas,train
CROP_000449,pigeonpeas,test
CROP_000450,pigeonpeas,validation
CROP_000451,pigeonpeas,train
CROP_000452,pigeonpeas,train
CROP_000453,pigeonpeas,train
CROP_000454,pigeonpeas,train
CROP_000455,pigeonpeas,test
CROP_000456,pigeonpeas,train
CROP_000457,pigeonpeas,train
CROP_000458,pigeonpeas,validation
CROP_000459,pigeonpeas,train
CROP_000460,pigeonpeas,validation
CROP_000461,pigeonpeas,validation
CROP_000462,pigeonpeas,validation
CROP_000463,pigeonpeas,train
CROP_000464,pigeonpeas,train
CROP_000465,pigeonpeas,train
CROP_000466,pigeonpeas,test
CROP_000467,pigeonpeas,validation
CROP_000468,pigeonpeas,train
CROP_000469,pigeonpeas,train
CROP_000470,pigeonpeas,test
CROP_000471,pigeonpeas,train
CROP_000472,pigeonpeas,validation
CROP_000473,pigeonpeas,test
CROP_000474,pigeonpeas,train
CROP_000475,pigeonpeas,test
CROP_000476,pigeonpeas,test
CROP_000477,pigeonpeas,train
CROP_000478,pigeonpeas,train
CROP_000479,pigeonpeas,train
CROP_000480,pigeonpeas,train
CROP_000481,pigeonpeas,train
CROP_000482,pigeonpeas,train
CROP_000483,pigeonpeas,test
CROP_000484,pigeonpeas,train
CROP_000485,pigeonpeas,train
CROP_000486,pigeonpeas,train
CROP_000487,pigeonpeas,train
CROP_000488,pigeonpeas,validation
CROP_000489,pigeonpeas,train
CROP_000490,pigeonpeas,train
CROP_000491,pigeonpeas,test
CROP_000492,pigeonpeas,train
CROP_000493,pigeonpeas,validation
CROP_000494,pigeonpeas,train
CROP_000495,pigeonpeas,train
CROP_000496,pigeonpeas,test
CROP_000497,pigeonpeas,train
CROP_000498,pigeonpeas,validation
CROP_000499,pigeonpeas,train
CROP_000500,pigeonpeas,train
CROP_000501,mothbeans,train
CROP_000502,mothbeans,validation
CROP_000503,mothbeans,train
CROP_000504,mothbeans,train
CROP_000505,mothbeans,train
CROP_000506,mothbeans,validation
CROP_000507,mothbeans,train
CROP_000508,mothbeans,train
CROP_000509,mothbeans,train
CROP_000510,mothbeans,validation
CROP_000511,mothbeans,test
CROP_000512,mothbeans,test
CROP_000513,mothbeans,train
CROP_000514,mothbeans,train
CROP_000515,mothbeans,train
CROP_000516,mothbeans,train
CROP_000517,mothbeans,test
CROP_000518,mothbeans,train
CROP_000519,mothbeans,train
CROP_000520,mothbeans,train
CROP_000521,mothbeans,validation
CROP_000522,mothbeans,train
CROP_000523,mothbeans,train
CROP_000524,mothbeans,train
CROP_000525,mothbeans,test
CROP_000526,mothbeans,test
CROP_000527,mothbeans,validation
CROP_000528,mothbeans,train
CROP_000529,mothbeans,validation
CROP_000530,mothbeans,train
CROP_000531,mothbeans,test
CROP_000532,mothbeans,train
CROP_000533,mothbeans,train
CROP_000534,mothbeans,train
CROP_000535,mothbeans,test
CROP_000536,mothbeans,test
CROP_000537,mothbeans,test
CROP_000538,mothbeans,train
CROP_000539,mothbeans,test
CROP_000540,mothbeans,test
CROP_000541,mothbeans,train
CROP_000542,mothbeans,train
CROP_000543,mothbeans,train
CROP_000544,mothbeans,train
CROP_000545,mothbeans,validation
CROP_000546,mothbeans,validation
CROP_000547,mothbeans,train
CROP_000548,mothbeans,train
CROP_000549,mothbeans,train
CROP_000550,mothbeans,train
CROP_000551,mothbeans,test
CROP_000552,mothbeans,train
CROP_000553,mothbeans,validation
CROP_000554,mothbeans,test
CROP_000555,mothbeans,train
CROP_000556,mothbeans,train
CROP_000557,mothbeans,validation
CROP_000558,mothbeans,train
CROP_000559,mothbeans,test
CROP_000560,mothbeans,train
CROP_000561,mothbeans,train
CROP_000562,mothbeans,validation
CROP_000563,mothbeans,train
CROP_000564,mothbeans,validation
CROP_000565,mothbeans,test
CROP_000566,mothbeans,train
CROP_000567,mothbeans,train
CROP_000568,mothbeans,test
CROP_000569,mothbeans,validation
CROP_000570,mothbeans,train
CROP_000571,mothbeans,test
CROP_000572,mothbeans,train
CROP_000573,mothbeans,validation
CROP_000574,mothbeans,train
CROP_000575,mothbeans,train
CROP_000576,mothbeans,test
CROP_000577,mothbeans,test
CROP_000578,mothbeans,train
CROP_000579,mothbeans,train
CROP_000580,mothbeans,train
CROP_000581,mothbeans,train
CROP_000582,mothbeans,validation
CROP_000583,mothbeans,train
CROP_000584,mothbeans,train
CROP_000585,mothbeans,test
CROP_000586,mothbeans,validation
CROP_000587,mothbeans,validation
CROP_000588,mothbeans,train
CROP_000589,mothbeans,validation
CROP_000590,mothbeans,train
CROP_000591,mothbeans,train
CROP_000592,mothbeans,train
CROP_000593,mothbeans,train
CROP_000594,mothbeans,train
CROP_000595,mothbeans,train
CROP_000596,mothbeans,validation
CROP_000597,mothbeans,train
CROP_000598,mothbeans,train
CROP_000599,mothbeans,train
CROP_000600,mothbeans,validation
CROP_000601,mungbean,train
CROP_000602,mungbean,train
CROP_000603,mungbean,test
CROP_000604,mungbean,train
CROP_000605,mungbean,train
CROP_000606,mungbean,train
CROP_000607,mungbean,validation
CROP_000608,mungbean,train
CROP_000609,mungbean,validation
CROP_000610,mungbean,test
CROP_000611,mungbean,train
CROP_000612,mungbean,train
CROP_000613,mungbean,train
CROP_000614,mungbean,validation
CROP_000615,mungbean,test
CROP_000616,mungbean,validation
CROP_000617,mungbean,validation
CROP_000618,mungbean,validation
CROP_000619,mungbean,train
CROP_000620,mungbean,train
CROP_000621,mungbean,train
CROP_000622,mungbean,train
CROP_000623,mungbean,validation
CROP_000624,mungbean,validation
CROP_000625,mungbean,train
CROP_000626,mungbean,validation
CROP_000627,mungbean,train
CROP_000628,mungbean,train
CROP_000629,mungbean,train
CROP_000630,mungbean,train
CROP_000631,mungbean,validation
CROP_000632,mungbean,test
CROP_000633,mungbean,train
CROP_000634,mungbean,train
CROP_000635,mungbean,train
CROP_000636,mungbean,train
CROP_000637,mungbean,validation
CROP_000638,mungbean,train
CROP_000639,mungbean,validation
CROP_000640,mungbean,test
CROP_000641,mungbean,train
CROP_000642,mungbean,train
CROP_000643,mungbean,validation
CROP_000644,mungbean,test
CROP_000645,mungbean,test
CROP_000646,mungbean,train
CROP_000647,mungbean,test
CROP_000648,mungbean,validation
CROP_000649,mungbean,train
CROP_000650,mungbean,train
CROP_000651,mungbean,train
CROP_000652,mungbean,train
CROP_000653,mungbean,train
CROP_000654,mungbean,train
CROP_000655,mungbean,test
CROP_000656,mungbean,train
CROP_000657,mungbean,train
CROP_000658,mungbean,train
CROP_000659,mungbean,validation
CROP_000660,mungbean,validation
CROP_000661,mungbean,train
CROP_000662,mungbean,train
CROP_000663,mungbean,train
CROP_000664,mungbean,train
CROP_000665,mungbean,train
CROP_000666,mungbean,train
CROP_000667,mungbean,train
CROP_000668,mungbean,train
CROP_000669,mungbean,train
CROP_000670,mungbean,train
CROP_000671,mungbean,test
CROP_000672,mungbean,test
CROP_000673,mungbean,train
CROP_000674,mungbean,train
CROP_000675,mungbean,train
CROP_000676,mungbean,train
CROP_000677,mungbean,train
CROP_000678,mungbean,validation
CROP_000679,mungbean,validation
CROP_000680,mungbean,train
CROP_000681,mungbean,train
CROP_000682,mungbean,train
CROP_000683,mungbean,train
CROP_000684,mungbean,validation
CROP_000685,mungbean,test
CROP_000686,mungbean,test
CROP_000687,mungbean,validation
CROP_000688,mungbean,test
CROP_000689,mungbean,train
CROP_000690,mungbean,test
CROP_000691,mungbean,test
CROP_000692,mungbean,train
CROP_000693,mungbean,train
CROP_000694,mungbean,train
CROP_000695,mungbean,train
CROP_000696,mungbean,train
CROP_000697,mungbean,test
CROP_000698,mungbean,test
CROP_000699,mungbean,test
CROP_000700,mungbean,test
CROP_000701,blackgram,validation
CROP_000702,blackgram,validation
CROP_000703,blackgram,validation
CROP_000704,blackgram,train
CROP_000705,blackgram,train
CROP_000706,blackgram,train
CROP_000707,blackgram,train
CROP_000708,blackgram,train
CROP_000709,blackgram,train
CROP_000710,blackgram,train
CROP_000711,blackgram,validation
CROP_000712,blackgram,train
CROP_000713,blackgram,train
CROP_000714,blackgram,train
CROP_000715,blackgram,train
CROP_000716,blackgram,test
CROP_000717,blackgram,test
CROP_000718,blackgram,test
CROP_000719,blackgram,validation
CROP_000720,blackgram,test
CROP_000721,blackgram,train
CROP_000722,blackgram,train
CROP_000723,blackgram,train
CROP_000724,blackgram,test
CROP_000725,blackgram,train
CROP_000726,blackgram,train
CROP_000727,blackgram,train
CROP_000728,blackgram,train
CROP_000729,blackgram,train
CROP_000730,blackgram,train
CROP_000731,blackgram,train
CROP_000732,blackgram,test
CROP_000733,blackgram,test
CROP_000734,blackgram,train
CROP_000735,blackgram,train
CROP_000736,blackgram,validation
CROP_000737,blackgram,train
CROP_000738,blackgram,test
CROP_000739,blackgram,validation
CROP_000740,blackgram,validation
CROP_000741,blackgram,train
CROP_000742,blackgram,train
CROP_000743,blackgram,train
CROP_000744,blackgram,validation
CROP_000745,blackgram,train
CROP_000746,blackgram,train
CROP_000747,blackgram,train
CROP_000748,blackgram,train
CROP_000749,blackgram,train
CROP_000750,blackgram,train
CROP_000751,blackgram,train
CROP_000752,blackgram,validation
CROP_000753,blackgram,test
CROP_000754,blackgram,train
CROP_000755,blackgram,validation
CROP_000756,blackgram,validation
CROP_000757,blackgram,train
CROP_000758,blackgram,train
CROP_000759,blackgram,test
CROP_000760,blackgram,train
CROP_000761,blackgram,train
CROP_000762,blackgram,train
CROP_000763,blackgram,train
CROP_000764,blackgram,test
CROP_000765,blackgram,test
CROP_000766,blackgram,train
CROP_000767,blackgram,test
CROP_000768,blackgram,test
CROP_000769,blackgram,test
CROP_000770,blackgram,validation
CROP_000771,blackgram,test
CROP_000772,blackgram,train
CROP_000773,blackgram,test
CROP_000774,blackgram,validation
CROP_000775,blackgram,validation
CROP_000776,blackgram,train
CROP_000777,blackgram,test
CROP_000778,blackgram,train
CROP_000779,blackgram,train
CROP_000780,blackgram,train
CROP_000781,blackgram,validation
CROP_000782,blackgram,train
CROP_000783,blackgram,train
CROP_000784,blackgram,train
CROP_000785,blackgram,train
CROP_000786,blackgram,train
CROP_000787,blackgram,train
CROP_000788,blackgram,train
CROP_000789,blackgram,train
CROP_000790,blackgram,validation
CROP_000791,blackgram,validation
CROP_000792,blackgram,test
CROP_000793,blackgram,train
CROP_000794,blackgram,train
CROP_000795,blackgram,train
CROP_000796,blackgram,validation
CROP_000797,blackgram,validation
CROP_000798,blackgram,train
CROP_000799,blackgram,test
CROP_000800,blackgram,train
CROP_000801,lentil,train
CROP_000802,lentil,train
CROP_000803,lentil,train
CROP_000804,lentil,validation
CROP_000805,lentil,validation
CROP_000806,lentil,test
CROP_000807,lentil,validation
CROP_000808,lentil,train
CROP_000809,lentil,train
CROP_000810,lentil,train
CROP_000811,lentil,train
CROP_000812,lentil,train
CROP_000813,lentil,train
CROP_000814,lentil,validation
CROP_000815,lentil,test
CROP_000816,lentil,train
CROP_000817,lentil,test
CROP_000818,lentil,validation
CROP_000819,lentil,train
CROP_000820,lentil,train
CROP_000821,lentil,train
CROP_000822,lentil,train
CROP_000823,lentil,test
CROP_000824,lentil,train
CROP_000825,lentil,test
CROP_000826,lentil,validation
CROP_000827,lentil,train
CROP_000828,lentil,train
CROP_000829,lentil,train
CROP_000830,lentil,validation
CROP_000831,lentil,train
CROP_000832,lentil,test
CROP_000833,lentil,train
CROP_000834,lentil,train
CROP_000835,lentil,validation
CROP_000836,lentil,train
CROP_000837,lentil,test
CROP_000838,lentil,validation
CROP_000839,lentil,test
CROP_000840,lentil,validation
CROP_000841,lentil,train
CROP_000842,lentil,test
CROP_000843,lentil,train
CROP_000844,lentil,train
CROP_000845,lentil,train
CROP_000846,lentil,train
CROP_000847,lentil,test
CROP_000848,lentil,train
CROP_000849,lentil,train
CROP_000850,lentil,train
CROP_000851,lentil,validation
CROP_000852,lentil,test
CROP_000853,lentil,test
CROP_000854,lentil,train
CROP_000855,lentil,train
CROP_000856,lentil,train
CROP_000857,lentil,train
CROP_000858,lentil,train
CROP_000859,lentil,train
CROP_000860,lentil,test
CROP_000861,lentil,train
CROP_000862,lentil,validation
CROP_000863,lentil,validation
CROP_000864,lentil,validation
CROP_000865,lentil,train
CROP_000866,lentil,test
CROP_000867,lentil,test
CROP_000868,lentil,train
CROP_000869,lentil,train
CROP_000870,lentil,test
CROP_000871,lentil,train
CROP_000872,lentil,validation
CROP_000873,lentil,train
CROP_000874,lentil,train
CROP_000875,lentil,train
CROP_000876,lentil,train
CROP_000877,lentil,test
CROP_000878,lentil,test
CROP_000879,lentil,train
CROP_000880,lentil,train
CROP_000881,lentil,validation
CROP_000882,lentil,train
CROP_000883,lentil,validation
CROP_000884,lentil,test
CROP_000885,lentil,validation
CROP_000886,lentil,train
CROP_000887,lentil,train
CROP_000888,lentil,validation
CROP_000889,lentil,train
CROP_000890,lentil,train
CROP_000891,lentil,train
CROP_000892,lentil,train
CROP_000893,lentil,train
CROP_000894,lentil,train
CROP_000895,lentil,train
CROP_000896,lentil,validation
CROP_000897,lentil,train
CROP_000898,lentil,train
CROP_000899,lentil,train
CROP_000900,lentil,test
CROP_000901,pomegranate,train
CROP_000902,pomegranate,test
CROP_000903,pomegranate,test
CROP_000904,pomegranate,train
CROP_000905,pomegranate,validation
CROP_000906,pomegranate,train
CROP_000907,pomegranate,train
CROP_000908,pomegranate,validation
CROP_000909,pomegranate,train
CROP_000910,pomegranate,test
CROP_000911,pomegranate,test
CROP_000912,pomegranate,train
CROP_000913,pomegranate,train
CROP_000914,pomegranate,test
CROP_000915,pomegranate,test
CROP_000916,pomegranate,train
CROP_000917,pomegranate,validation
CROP_000918,pomegranate,test
CROP_000919,pomegranate,train
CROP_000920,pomegranate,train
CROP_000921,pomegranate,validation
CROP_000922,pomegranate,train
CROP_000923,pomegranate,validation
CROP_000924,pomegranate,train
CROP_000925,pomegranate,train
CROP_000926,pomegranate,validation
CROP_000927,pomegranate,train
CROP_000928,pomegranate,validation
CROP_000929,pomegranate,train
CROP_000930,pomegranate,train
CROP_000931,pomegranate,validation
CROP_000932,pomegranate,train
CROP_000933,pomegranate,train
CROP_000934,pomegranate,train
CROP_000935,pomegranate,test
CROP_000936,pomegranate,test
CROP_000937,pomegranate,test
CROP_000938,pomegranate,validation
CROP_000939,pomegranate,train
CROP_000940,pomegranate,test
CROP_000941,pomegranate,test
CROP_000942,pomegranate,test
CROP_000943,pomegranate,train
CROP_000944,pomegranate,test
CROP_000945,pomegranate,validation
CROP_000946,pomegranate,train
CROP_000947,pomegranate,test
CROP_000948,pomegranate,train
CROP_000949,pomegranate,train
CROP_000950,pomegranate,train
CROP_000951,pomegranate,train
CROP_000952,pomegranate,train
CROP_000953,pomegranate,train
CROP_000954,pomegranate,validation
CROP_000955,pomegranate,train
CROP_000956,pomegranate,validation
CROP_000957,pomegranate,train
CROP_000958,pomegranate,train
CROP_000959,pomegranate,train
CROP_000960,pomegranate,test
CROP_000961,pomegranate,train
CROP_000962,pomegranate,validation
CROP_000963,pomegranate,train
CROP_000964,pomegranate,train
CROP_000965,pomegranate,validation
CROP_000966,pomegranate,validation
CROP_000967,pomegranate,train
CROP_000968,pomegranate,train
CROP_000969,pomegranate,validation
CROP_000970,pomegranate,validation
CROP_000971,pomegranate,train
CROP_000972,pomegranate,train
CROP_000973,pomegranate,train
CROP_000974,pomegranate,train
CROP_000975,pomegranate,train
CROP_000976,pomegranate,train
CROP_000977,pomegranate,train
CROP_000978,pomegranate,validation
CROP_000979,pomegranate,train
CROP_000980,pomegranate,train
CROP_000981,pomegranate,test
CROP_000982,pomegranate,train
CROP_000983,pomegranate,train
CROP_000984,pomegranate,train
CROP_000985,pomegranate,train
CROP_000986,pomegranate,train
CROP_000987,pomegranate,test
CROP_000988,pomegranate,test
CROP_000989,pomegranate,train
CROP_000990,pomegranate,validation
CROP_000991,pomegranate,train
CROP_000992,pomegranate,train
CROP_000993,pomegranate,train
CROP_000994,pomegranate,test
CROP_000995,pomegranate,train
CROP_000996,pomegranate,train
CROP_000997,pomegranate,train
CROP_000998,pomegranate,train
CROP_000999,pomegranate,validation
CROP_001000,pomegranate,train
CROP_001001,banana,test
CROP_001002,banana,train
CROP_001003,banana,validation
CROP_001004,banana,validation
CROP_001005,banana,test
CROP_001006,banana,train
CROP_001007,banana,validation
CROP_001008,banana,test
CROP_001009,banana,validation
CROP_001010,banana,train
CROP_001011,banana,train
CROP_001012,banana,validation
CROP_001013,banana,train
CROP_001014,banana,validation
CROP_001015,banana,validation
CROP_001016,banana,train
CROP_001017,banana,train
CROP_001018,banana,train
CROP_001019,banana,train
CROP_001020,banana,train
CROP_001021,banana,train
CROP_001022,banana,train
CROP_001023,banana,validation
CROP_001024,banana,train
CROP_001025,banana,train
CROP_001026,banana,train
CROP_001027,banana,validation
CROP_001028,banana,test
CROP_001029,banana,train
CROP_001030,banana,train
CROP_001031,banana,train
CROP_001032,banana,train
CROP_001033,banana,validation
CROP_001034,banana,test
CROP_001035,banana,test
CROP_001036,banana,train
CROP_001037,banana,validation
CROP_001038,banana,train
CROP_001039,banana,validation
CROP_001040,banana,train
CROP_001041,banana,validation
CROP_001042,banana,validation
CROP_001043,banana,test
CROP_001044,banana,test
CROP_001045,banana,test
CROP_001046,banana,train
CROP_001047,banana,test
CROP_001048,banana,validation
CROP_001049,banana,train
CROP_001050,banana,train
CROP_001051,banana,validation
CROP_001052,banana,test
CROP_001053,banana,train
CROP_001054,banana,train
CROP_001055,banana,train
CROP_001056,banana,train
CROP_001057,banana,train
CROP_001058,banana,train
CROP_001059,banana,train
CROP_001060,banana,train
CROP_001061,banana,train
CROP_001062,banana,validation
CROP_001063,banana,test
CROP_001064,banana,train
CROP_001065,banana,validation
CROP_001066,banana,train
CROP_001067,banana,train
CROP_001068,banana,train
CROP_001069,banana,train
CROP_001070,banana,train
CROP_001071,banana,validation
CROP_001072,banana,test
CROP_001073,banana,test
CROP_001074,banana,train
CROP_001075,banana,train
CROP_001076,banana,train
CROP_001077,banana,train
CROP_001078,banana,test
CROP_001079,banana,train
CROP_001080,banana,train
CROP_001081,banana,test
CROP_001082,banana,train
CROP_001083,banana,train
CROP_001084,banana,train
CROP_001085,banana,test
CROP_001086,banana,train
CROP_001087,banana,train
CROP_001088,banana,train
CROP_001089,banana,train
CROP_001090,banana,train
CROP_001091,banana,train
CROP_001092,banana,train
CROP_001093,banana,train
CROP_001094,banana,train
CROP_001095,banana,validation
CROP_001096,banana,test
CROP_001097,banana,test
CROP_001098,banana,test
CROP_001099,banana,train
CROP_001100,banana,train
CROP_001101,mango,train
CROP_001102,mango,train
CROP_001103,mango,validation
CROP_001104,mango,train
CROP_001105,mango,train
CROP_001106,mango,train
CROP_001107,mango,test
CROP_001108,mango,validation
CROP_001109,mango,train
CROP_001110,mango,test
CROP_001111,mango,train
CROP_001112,mango,train
CROP_001113,mango,train
CROP_001114,mango,validation
CROP_001115,mango,train
CROP_001116,mango,validation
CROP_001117,mango,train
CROP_001118,mango,train
CROP_001119,mango,validation
CROP_001120,mango,train
CROP_001121,mango,test
CROP_001122,mango,train
CROP_001123,mango,validation
CROP_001124,mango,train
CROP_001125,mango,train
CROP_001126,mango,train
CROP_001127,mango,train
CROP_001128,mango,train
CROP_001129,mango,train
CROP_001130,mango,train
CROP_001131,mango,train
CROP_001132,mango,validation
CROP_001133,mango,validation
CROP_001134,mango,test
CROP_001135,mango,validation
CROP_001136,mango,train
CROP_001137,mango,validation
CROP_001138,mango,train
CROP_001139,mango,train
CROP_001140,mango,train
CROP_001141,mango,train
CROP_001142,mango,train
CROP_001143,mango,train
CROP_001144,mango,train
CROP_001145,mango,train
CROP_001146,mango,test
CROP_001147,mango,train
CROP_001148,mango,test
CROP_001149,mango,train
CROP_001150,mango,validation
CROP_001151,mango,validation
CROP_001152,mango,train
CROP_001153,mango,train
CROP_001154,mango,validation
CROP_001155,mango,validation
CROP_001156,mango,train
CROP_001157,mango,test
CROP_001158,mango,train
CROP_001159,mango,test
CROP_001160,mango,train
CROP_001161,mango,train
CROP_001162,mango,train
CROP_001163,mango,train
CROP_001164,mango,train
CROP_001165,mango,validation
CROP_001166,mango,train
CROP_001167,mango,test
CROP_001168,mango,validation
CROP_001169,mango,train
CROP_001170,mango,train
CROP_001171,mango,train
CROP_001172,mango,test
CROP_001173,mango,test
CROP_001174,mango,test
CROP_001175,mango,train
CROP_001176,mango,train
CROP_001177,mango,train
CROP_001178,mango,train
CROP_001179,mango,train
CROP_001180,mango,train
CROP_001181,mango,test
CROP_001182,mango,validation
CROP_001183,mango,test
CROP_001184,mango,train
CROP_001185,mango,validation
CROP_001186,mango,train
CROP_001187,mango,test
CROP_001188,mango,test
CROP_001189,mango,test
CROP_001190,mango,train
CROP_001191,mango,test
CROP_001192,mango,validation
CROP_001193,mango,test
CROP_001194,mango,train
CROP_001195,mango,test
CROP_001196,mango,train
CROP_001197,mango,train
CROP_001198,mango,train
CROP_001199,mango,validation
CROP_001200,mango,train
CROP_001201,grapes,validation
CROP_001202,grapes,train
CROP_001203,grapes,test
CROP_001204,grapes,test
CROP_001205,grapes,test
CROP_001206,grapes,test
CROP_001207,grapes,train
CROP_001208,grapes,validation
CROP_001209,grapes,train
CROP_001210,grapes,train
CROP_001211,grapes,test
CROP_001212,grapes,train
CROP_001213,grapes,train
CROP_001214,grapes,train
CROP_001215,grapes,train
CROP_001216,grapes,train
CROP_001217,grapes,validation
CROP_001218,grapes,test
CROP_001219,grapes,train
CROP_001220,grapes,train
CROP_001221,grapes,validation
CROP_001222,grapes,train
CROP_001223,grapes,test
CROP_001224,grapes,train
CROP_001225,grapes,train
CROP_001226,grapes,validation
CROP_001227,grapes,test
CROP_001228,grapes,test
CROP_001229,grapes,train
CROP_001230,grapes,train
CROP_001231,grapes,validation
CROP_001232,grapes,test
CROP_001233,grapes,validation
CROP_001234,grapes,test
CROP_001235,grapes,train
CROP_001236,grapes,train
CROP_001237,grapes,test
CROP_001238,grapes,train
CROP_001239,grapes,train
CROP_001240,grapes,train
CROP_001241,grapes,train
CROP_001242,grapes,train
CROP_001243,grapes,train
CROP_001244,grapes,train
CROP_001245,grapes,test
CROP_001246,grapes,train
CROP_001247,grapes,train
CROP_001248,grapes,train
CROP_001249,grapes,validation
CROP_001250,grapes,train
CROP_001251,grapes,validation
CROP_001252,grapes,train
CROP_001253,grapes,test
CROP_001254,grapes,train
CROP_001255,grapes,validation
CROP_001256,grapes,train
CROP_001257,grapes,train
CROP_001258,grapes,train
CROP_001259,grapes,validation
CROP_001260,grapes,train
CROP_001261,grapes,train
CROP_001262,grapes,validation
CROP_001263,grapes,test
CROP_001264,grapes,train
CROP_001265,grapes,test
CROP_001266,grapes,train
CROP_001267,grapes,train
CROP_001268,grapes,train
CROP_001269,grapes,validation
CROP_001270,grapes,train
CROP_001271,grapes,train
CROP_001272,grapes,train
CROP_001273,grapes,train
CROP_001274,grapes,train
CROP_001275,grapes,train
CROP_001276,grapes,test
CROP_001277,grapes,validation
CROP_001278,grapes,train
CROP_001279,grapes,train
CROP_001280,grapes,train
CROP_001281,grapes,train
CROP_001282,grapes,train
CROP_001283,grapes,validation
CROP_001284,grapes,train
CROP_001285,grapes,test
CROP_001286,grapes,validation
CROP_001287,grapes,train
CROP_001288,grapes,train
CROP_001289,grapes,test
CROP_001290,grapes,train
CROP_001291,grapes,train
CROP_001292,grapes,train
CROP_001293,grapes,train
CROP_001294,grapes,train
CROP_001295,grapes,validation
CROP_001296,grapes,validation
CROP_001297,grapes,train
CROP_001298,grapes,test
CROP_001299,grapes,validation
CROP_001300,grapes,validation
CROP_001301,watermelon,train
CROP_001302,watermelon,train
CROP_001303,watermelon,train
CROP_001304,watermelon,train
CROP_001305,watermelon,test
CROP_001306,watermelon,train
CROP_001307,watermelon,train
CROP_001308,watermelon,validation
CROP_001309,watermelon,train
CROP_001310,watermelon,train
CROP_001311,watermelon,train
CROP_001312,watermelon,test
CROP_001313,watermelon,test
CROP_001314,watermelon,train
CROP_001315,watermelon,test
CROP_001316,watermelon,validation
CROP_001317,watermelon,train
CROP_001318,watermelon,train
CROP_001319,watermelon,validation
CROP_001320,watermelon,train
CROP_001321,watermelon,test
CROP_001322,watermelon,train
CROP_001323,watermelon,test
CROP_001324,watermelon,train
CROP_001325,watermelon,validation
CROP_001326,watermelon,train
CROP_001327,watermelon,validation
CROP_001328,watermelon,validation
CROP_001329,watermelon,test
CROP_001330,watermelon,test
CROP_001331,watermelon,train
CROP_001332,watermelon,train
CROP_001333,watermelon,train
CROP_001334,watermelon,test
CROP_001335,watermelon,validation
CROP_001336,watermelon,validation
CROP_001337,watermelon,test
CROP_001338,watermelon,train
CROP_001339,watermelon,train
CROP_001340,watermelon,train
CROP_001341,watermelon,train
CROP_001342,watermelon,validation
CROP_001343,watermelon,test
CROP_001344,watermelon,test
CROP_001345,watermelon,train
CROP_001346,watermelon,validation
CROP_001347,watermelon,validation
CROP_001348,watermelon,test
CROP_001349,watermelon,train
CROP_001350,watermelon,train
CROP_001351,watermelon,validation
CROP_001352,watermelon,test
CROP_001353,watermelon,train
CROP_001354,watermelon,train
CROP_001355,watermelon,train
CROP_001356,watermelon,train
CROP_001357,watermelon,train
CROP_001358,watermelon,train
CROP_001359,watermelon,train
CROP_001360,watermelon,train
CROP_001361,watermelon,train
CROP_001362,watermelon,train
CROP_001363,watermelon,train
CROP_001364,watermelon,train
CROP_001365,watermelon,train
CROP_001366,watermelon,train
CROP_001367,watermelon,train
CROP_001368,watermelon,test
CROP_001369,watermelon,train
CROP_001370,watermelon,validation
CROP_001371,watermelon,train
CROP_001372,watermelon,train
CROP_001373,watermelon,train
CROP_001374,watermelon,train
CROP_001375,watermelon,validation
CROP_001376,watermelon,validation
CROP_001377,watermelon,train
CROP_001378,watermelon,train
CROP_001379,watermelon,validation
CROP_001380,watermelon,test
CROP_001381,watermelon,train
CROP_001382,watermelon,test
CROP_001383,watermelon,train
CROP_001384,watermelon,test
CROP_001385,watermelon,train
CROP_001386,watermelon,validation
CROP_001387,watermelon,test
CROP_001388,watermelon,train
CROP_001389,watermelon,train
CROP_001390,watermelon,train
CROP_001391,watermelon,train
CROP_001392,watermelon,validation
CROP_001393,watermelon,validation
CROP_001394,watermelon,train
CROP_001395,watermelon,train
CROP_001396,watermelon,train
CROP_001397,watermelon,test
CROP_001398,watermelon,train
CROP_001399,watermelon,train
CROP_001400,watermelon,validation
CROP_001401,muskmelon,train
CROP_001402,muskmelon,train
CROP_001403,muskmelon,test
CROP_001404,muskmelon,test
CROP_001405,muskmelon,validation
CROP_001406,muskmelon,validation
CROP_001407,muskmelon,train
CROP_001408,muskmelon,train
CROP_001409,muskmelon,validation
CROP_001410,muskmelon,train
CROP_001411,muskmelon,test
CROP_001412,muskmelon,train
CROP_001413,muskmelon,test
CROP_001414,muskmelon,test
CROP_001415,muskmelon,train
CROP_001416,muskmelon,train
CROP_001417,muskmelon,test
CROP_001418,muskmelon,train
CROP_001419,muskmelon,train
CROP_001420,muskmelon,test
CROP_001421,muskmelon,train
CROP_001422,muskmelon,train
CROP_001423,muskmelon,train
CROP_001424,muskmelon,train
CROP_001425,muskmelon,validation
CROP_001426,muskmelon,train
CROP_001427,muskmelon,train
CROP_001428,muskmelon,train
CROP_001429,muskmelon,train
CROP_001430,muskmelon,train
CROP_001431,muskmelon,train
CROP_001432,muskmelon,validation
CROP_001433,muskmelon,train
CROP_001434,muskmelon,validation
CROP_001435,muskmelon,validation
CROP_001436,muskmelon,train
CROP_001437,muskmelon,test
CROP_001438,muskmelon,train
CROP_001439,muskmelon,train
CROP_001440,muskmelon,train
CROP_001441,muskmelon,validation
CROP_001442,muskmelon,train
CROP_001443,muskmelon,train
CROP_001444,muskmelon,train
CROP_001445,muskmelon,train
CROP_001446,muskmelon,validation
CROP_001447,muskmelon,test
CROP_001448,muskmelon,train
CROP_001449,muskmelon,test
CROP_001450,muskmelon,test
CROP_001451,muskmelon,train
CROP_001452,muskmelon,test
CROP_001453,muskmelon,train
CROP_001454,muskmelon,test
CROP_001455,muskmelon,train
CROP_001456,muskmelon,train
CROP_001457,muskmelon,validation
CROP_001458,muskmelon,train
CROP_001459,muskmelon,validation
CROP_001460,muskmelon,train
CROP_001461,muskmelon,test
CROP_001462,muskmelon,validation
CROP_001463,muskmelon,validation
CROP_001464,muskmelon,train
CROP_001465,muskmelon,train
CROP_001466,muskmelon,train
CROP_001467,muskmelon,train
CROP_001468,muskmelon,train
CROP_001469,muskmelon,train
CROP_001470,muskmelon,train
CROP_001471,muskmelon,test
CROP_001472,muskmelon,test
CROP_001473,muskmelon,train
CROP_001474,muskmelon,validation
CROP_001475,muskmelon,train
CROP_001476,muskmelon,train
CROP_001477,muskmelon,test
CROP_001478,muskmelon,train
CROP_001479,muskmelon,train
CROP_001480,muskmelon,validation
CROP_001481,muskmelon,train
CROP_001482,muskmelon,test
CROP_001483,muskmelon,test
CROP_001484,muskmelon,train
CROP_001485,muskmelon,train
CROP_001486,muskmelon,validation
CROP_001487,muskmelon,train
CROP_001488,muskmelon,test
CROP_001489,muskmelon,train
CROP_001490,muskmelon,train
CROP_001491,muskmelon,train
CROP_001492,muskmelon,train
CROP_001493,muskmelon,train
CROP_001494,muskmelon,train
CROP_001495,muskmelon,train
CROP_001496,muskmelon,validation
CROP_001497,muskmelon,validation
CROP_001498,muskmelon,validation
CROP_001499,muskmelon,train
CROP_001500,muskmelon,validation
CROP_001501,apple,train
CROP_001502,apple,validation
CROP_001503,apple,test
CROP_001504,apple,train
CROP_001505,apple,train
CROP_001506,apple,train
CROP_001507,apple,train
CROP_001508,apple,train
CROP_001509,apple,train
CROP_001510,apple,train
CROP_001511,apple,train
CROP_001512,apple,train
CROP_001513,apple,train
CROP_001514,apple,train
CROP_001515,apple,validation
CROP_001516,apple,train
CROP_001517,apple,train
CROP_001518,apple,train
CROP_001519,apple,train
CROP_001520,apple,train
CROP_001521,apple,test
CROP_001522,apple,validation
CROP_001523,apple,train
CROP_001524,apple,test
CROP_001525,apple,train
CROP_001526,apple,train
CROP_001527,apple,train
CROP_001528,apple,train
CROP_001529,apple,train
CROP_001530,apple,validation
CROP_001531,apple,train
CROP_001532,apple,train
CROP_001533,apple,test
CROP_001534,apple,train
CROP_001535,apple,train
CROP_001536,apple,train
CROP_001537,apple,train
CROP_001538,apple,test
CROP_001539,apple,train
CROP_001540,apple,train
CROP_001541,apple,train
CROP_001542,apple,test
CROP_001543,apple,train
CROP_001544,apple,test
CROP_001545,apple,train
CROP_001546,apple,train
CROP_001547,apple,validation
CROP_001548,apple,train
CROP_001549,apple,validation
CROP_001550,apple,train
CROP_001551,apple,test
CROP_001552,apple,validation
CROP_001553,apple,validation
CROP_001554,apple,train
CROP_001555,apple,test
CROP_001556,apple,train
CROP_001557,apple,validation
CROP_001558,apple,validation
CROP_001559,apple,test
CROP_001560,apple,validation
CROP_001561,apple,test
CROP_001562,apple,test
CROP_001563,apple,train
CROP_001564,apple,test
CROP_001565,apple,train
CROP_001566,apple,train
CROP_001567,apple,train
CROP_001568,apple,validation
CROP_001569,apple,test
CROP_001570,apple,train
CROP_001571,apple,train
CROP_001572,apple,validation
CROP_001573,apple,train
CROP_001574,apple,train
CROP_001575,apple,test
CROP_001576,apple,validation
CROP_001577,apple,train
CROP_001578,apple,train
CROP_001579,apple,train
CROP_001580,apple,test
CROP_001581,apple,train
CROP_001582,apple,train
CROP_001583,apple,validation
CROP_001584,apple,train
CROP_001585,apple,test
CROP_001586,apple,train
CROP_001587,apple,validation
CROP_001588,apple,validation
CROP_001589,apple,train
CROP_001590,apple,train
CROP_001591,apple,train
CROP_001592,apple,test
CROP_001593,apple,validation
CROP_001594,apple,train
CROP_001595,apple,test
CROP_001596,apple,train
CROP_001597,apple,train
CROP_001598,apple,validation
CROP_001599,apple,test
CROP_001600,apple,validation
CROP_001601,orange,train
CROP_001602,orange,validation
CROP_001603,orange,train
CROP_001604,orange,train
CROP_001605,orange,train
CROP_001606,orange,train
CROP_001607,orange,train
CROP_001608,orange,train
CROP_001609,orange,train
CROP_001610,orange,validation
CROP_001611,orange,train
CROP_001612,orange,test
CROP_001613,orange,test
CROP_001614,orange,train
CROP_001615,orange,train
CROP_001616,orange,train
CROP_001617,orange,validation
CROP_001618,orange,train
CROP_001619,orange,train
CROP_001620,orange,test
CROP_001621,orange,train
CROP_001622,orange,validation
CROP_001623,orange,validation
CROP_001624,orange,train
CROP_001625,orange,train
CROP_001626,orange,train
CROP_001627,orange,test
CROP_001628,orange,test
CROP_001629,orange,train
CROP_001630,orange,test
CROP_001631,orange,test
CROP_001632,orange,validation
CROP_001633,orange,train
CROP_001634,orange,train
CROP_001635,orange,test
CROP_001636,orange,train
CROP_001637,orange,test
CROP_001638,orange,train
CROP_001639,orange,test
CROP_001640,orange,train
CROP_001641,orange,train
CROP_001642,orange,test
CROP_001643,orange,train
CROP_001644,orange,train
CROP_001645,orange,validation
CROP_001646,orange,validation
CROP_001647,orange,train
CROP_001648,orange,train
CROP_001649,orange,train
CROP_001650,orange,train
CROP_001651,orange,train
CROP_001652,orange,train
CROP_001653,orange,test
CROP_001654,orange,train
CROP_001655,orange,train
CROP_001656,orange,train
CROP_001657,orange,train
CROP_001658,orange,validation
CROP_001659,orange,train
CROP_001660,orange,test
CROP_001661,orange,train
CROP_001662,orange,train
CROP_001663,orange,test
CROP_001664,orange,validation
CROP_001665,orange,validation
CROP_001666,orange,test
CROP_001667,orange,train
CROP_001668,orange,validation
CROP_001669,orange,train
CROP_001670,orange,validation
CROP_001671,orange,validation
CROP_001672,orange,train
CROP_001673,orange,train
CROP_001674,orange,train
CROP_001675,orange,train
CROP_001676,orange,train
CROP_001677,orange,validation
CROP_001678,orange,validation
CROP_001679,orange,test
CROP_001680,orange,train
CROP_001681,orange,train
CROP_001682,orange,validation
CROP_001683,orange,train
CROP_001684,orange,train
CROP_001685,orange,test
CROP_001686,orange,test
CROP_001687,orange,validation
CROP_001688,orange,train
CROP_001689,orange,train
CROP_001690,orange,train
CROP_001691,orange,test
CROP_001692,orange,test
CROP_001693,orange,train
CROP_001694,orange,train
CROP_001695,orange,validation
CROP_001696,orange,train
CROP_001697,orange,train
CROP_001698,orange,validation
CROP_001699,orange,train
CROP_001700,orange,train
CROP_001701,papaya,train
CROP_001702,papaya,train
CROP_001703,papaya,test
CROP_001704,papaya,train
CROP_001705,papaya,train
CROP_001706,papaya,train
CROP_001707,papaya,train
CROP_001708,papaya,test
CROP_001709,papaya,train
CROP_001710,papaya,train
CROP_001711,papaya,train
CROP_001712,papaya,test
CROP_001713,papaya,train
CROP_001714,papaya,train
CROP_001715,papaya,validation
CROP_001716,papaya,train
CROP_001717,papaya,validation
CROP_001718,papaya,test
CROP_001719,papaya,train
CROP_001720,papaya,test
CROP_001721,papaya,train
CROP_001722,papaya,train
CROP_001723,papaya,train
CROP_001724,papaya,test
CROP_001725,papaya,validation
CROP_001726,papaya,train
CROP_001727,papaya,test
CROP_001728,papaya,train
CROP_001729,papaya,train
CROP_001730,papaya,train
CROP_001731,papaya,train
CROP_001732,papaya,train
CROP_001733,papaya,train
CROP_001734,papaya,test
CROP_001735,papaya,test
CROP_001736,papaya,test
CROP_001737,papaya,train
CROP_001738,papaya,validation
CROP_001739,papaya,train
CROP_001740,papaya,train
CROP_001741,papaya,train
CROP_001742,papaya,train
CROP_001743,papaya,train
CROP_001744,papaya,validation
CROP_001745,papaya,train
CROP_001746,papaya,test
CROP_001747,papaya,train
CROP_001748,papaya,train
CROP_001749,papaya,train
CROP_001750,papaya,validation
CROP_001751,papaya,train
CROP_001752,papaya,train
CROP_001753,papaya,validation
CROP_001754,papaya,train
CROP_001755,papaya,train
CROP_001756,papaya,train
CROP_001757,papaya,train
CROP_001758,papaya,train
CROP_001759,papaya,train
CROP_001760,papaya,test
CROP_001761,papaya,validation
CROP_001762,papaya,validation
CROP_001763,papaya,train
CROP_001764,papaya,test
CROP_001765,papaya,train
CROP_001766,papaya,train
CROP_001767,papaya,train
CROP_001768,papaya,train
CROP_001769,papaya,validation
CROP_001770,papaya,train
CROP_001771,papaya,validation
CROP_001772,papaya,test
CROP_001773,papaya,train
CROP_001774,papaya,validation
CROP_001775,papaya,train
CROP_001776,papaya,validation
CROP_001777,papaya,train
CROP_001778,papaya,train
CROP_001779,papaya,validation
CROP_001780,papaya,test
CROP_001781,papaya,validation
CROP_001782,papaya,train
CROP_001783,papaya,validation
CROP_001784,papaya,test
CROP_001785,papaya,validation
CROP_001786,papaya,validation
CROP_001787,papaya,train
CROP_001788,papaya,test
CROP_001789,papaya,train
CROP_001790,papaya,test
CROP_001791,papaya,train
CROP_001792,papaya,train
CROP_001793,papaya,test
CROP_001794,papaya,test
CROP_001795,papaya,validation
CROP_001796,papaya,train
CROP_001797,papaya,train
CROP_001798,papaya,train
CROP_001799,papaya,validation
CROP_001800,papaya,train
CROP_001801,coconut,test
CROP_001802,coconut,train
CROP_001803,coconut,train
CROP_001804,coconut,train
CROP_001805,coconut,validation
CROP_001806,coconut,test
CROP_001807,coconut,train
CROP_001808,coconut,validation
CROP_001809,coconut,validation
CROP_001810,coconut,train
CROP_001811,coconut,train
CROP_001812,coconut,test
CROP_001813,coconut,validation
CROP_001814,coconut,train
CROP_001815,coconut,train
CROP_001816,coconut,validation
CROP_001817,coconut,validation
CROP_001818,coconut,train
CROP_001819,coconut,validation
CROP_001820,coconut,train
CROP_001821,coconut,train
CROP_001822,coconut,test
CROP_001823,coconut,validation
CROP_001824,coconut,train
CROP_001825,coconut,train
CROP_001826,coconut,test
CROP_001827,coconut,train
CROP_001828,coconut,train
CROP_001829,coconut,train
CROP_001830,coconut,validation
CROP_001831,coconut,train
CROP_001832,coconut,train
CROP_001833,coconut,train
CROP_001834,coconut,test
CROP_001835,coconut,train
CROP_001836,coconut,train
CROP_001837,coconut,test
CROP_001838,coconut,train
CROP_001839,coconut,train
CROP_001840,coconut,test
CROP_001841,coconut,train
CROP_001842,coconut,train
CROP_001843,coconut,train
CROP_001844,coconut,train
CROP_001845,coconut,train
CROP_001846,coconut,train
CROP_001847,coconut,test
CROP_001848,coconut,test
CROP_001849,coconut,train
CROP_001850,coconut,train
CROP_001851,coconut,validation
CROP_001852,coconut,test
CROP_001853,coconut,validation
CROP_001854,coconut,train
CROP_001855,coconut,test
CROP_001856,coconut,train
CROP_001857,coconut,train
CROP_001858,coconut,validation
CROP_001859,coconut,train
CROP_001860,coconut,test
CROP_001861,coconut,validation
CROP_001862,coconut,validation
CROP_001863,coconut,test
CROP_001864,coconut,validation
CROP_001865,coconut,train
CROP_001866,coconut,test
CROP_001867,coconut,train
CROP_001868,coconut,validation
CROP_001869,coconut,train
CROP_001870,coconut,validation
CROP_001871,coconut,train
CROP_001872,coconut,train
CROP_001873,coconut,train
CROP_001874,coconut,test
CROP_001875,coconut,train
CROP_001876,coconut,test
CROP_001877,coconut,train
CROP_001878,coconut,train
CROP_001879,coconut,train
CROP_001880,coconut,train
CROP_001881,coconut,train
CROP_001882,coconut,test
CROP_001883,coconut,train
CROP_001884,coconut,validation
CROP_001885,coconut,train
CROP_001886,coconut,test
CROP_001887,coconut,train
CROP_001888,coconut,train
CROP_001889,coconut,validation
CROP_001890,coconut,train
CROP_001891,coconut,train
CROP_001892,coconut,validation
CROP_001893,coconut,train
CROP_001894,coconut,test
CROP_001895,coconut,train
CROP_001896,coconut,train
CROP_001897,coconut,train
CROP_001898,coconut,train
CROP_001899,coconut,train
CROP_001900,coconut,train
CROP_001901,cotton,validation
CROP_001902,cotton,train
CROP_001903,cotton,test
CROP_001904,cotton,test
CROP_001905,cotton,train
CROP_001906,cotton,validation
CROP_001907,cotton,train
CROP_001908,cotton,train
CROP_001909,cotton,train
CROP_001910,cotton,train
CROP_001911,cotton,train
CROP_001912,cotton,train
CROP_001913,cotton,validation
CROP_001914,cotton,train
CROP_001915,cotton,train
CROP_001916,cotton,train
CROP_001917,cotton,validation
CROP_001918,cotton,train
CROP_001919,cotton,test
CROP_001920,cotton,validation
CROP_001921,cotton,train
CROP_001922,cotton,train
CROP_001923,cotton,train
CROP_001924,cotton,train
CROP_001925,cotton,validation
CROP_001926,cotton,train
CROP_001927,cotton,train
CROP_001928,cotton,train
CROP_001929,cotton,train
CROP_001930,cotton,train
CROP_001931,cotton,test
CROP_001932,cotton,validation
CROP_001933,cotton,validation
CROP_001934,cotton,train
CROP_001935,cotton,train
CROP_001936,cotton,test
CROP_001937,cotton,train
CROP_001938,cotton,test
CROP_001939,cotton,validation
CROP_001940,cotton,train
CROP_001941,cotton,train
CROP_001942,cotton,train
CROP_001943,cotton,train
CROP_001944,cotton,validation
CROP_001945,cotton,test
CROP_001946,cotton,train
CROP_001947,cotton,test
CROP_001948,cotton,train
CROP_001949,cotton,train
CROP_001950,cotton,train
CROP_001951,cotton,train
CROP_001952,cotton,train
CROP_001953,cotton,train
CROP_001954,cotton,test
CROP_001955,cotton,train
CROP_001956,cotton,test
CROP_001957,cotton,train
CROP_001958,cotton,validation
CROP_001959,cotton,train
CROP_001960,cotton,train
CROP_001961,cotton,validation
CROP_001962,cotton,test
CROP_001963,cotton,validation
CROP_001964,cotton,train
CROP_001965,cotton,validation
CROP_001966,cotton,train
CROP_001967,cotton,test
CROP_001968,cotton,train
CROP_001969,cotton,train
CROP_001970,cotton,validation
CROP_001971,cotton,test
CROP_001972,cotton,test
CROP_001973,cotton,train
CROP_001974,cotton,test
CROP_001975,cotton,train
CROP_001976,cotton,train
CROP_001977,cotton,train
CROP_001978,cotton,test
CROP_001979,cotton,train
CROP_001980,cotton,train
CROP_001981,cotton,test
CROP_001982,cotton,train
CROP_001983,cotton,validation
CROP_001984,cotton,train
CROP_001985,cotton,validation
CROP_001986,cotton,test
CROP_001987,cotton,train
CROP_001988,cotton,test
CROP_001989,cotton,validation
CROP_001990,cotton,validation
CROP_001991,cotton,test
CROP_001992,cotton,train
CROP_001993,cotton,train
CROP_001994,cotton,train
CROP_001995,cotton,train
CROP_001996,cotton,validation
CROP_001997,cotton,train
CROP_001998,cotton,train
CROP_001999,cotton,train
CROP_002000,cotton,train
CROP_002001,jute,test
CROP_002002,jute,train
CROP_002003,jute,train
CROP_002004,jute,validation
CROP_002005,jute,validation
CROP_002006,jute,train
CROP_002007,jute,train
CROP_002008,jute,validation
CROP_002009,jute,test
CROP_002010,jute,train
CROP_002011,jute,train
CROP_002012,jute,validation
CROP_002013,jute,train
CROP_002014,jute,train
CROP_002015,jute,train
CROP_002016,jute,validation
CROP_002017,jute,train
CROP_002018,jute,train
CROP_002019,jute,test
CROP_002020,jute,train
CROP_002021,jute,test
CROP_002022,jute,test
CROP_002023,jute,test
CROP_002024,jute,train
CROP_002025,jute,validation
CROP_002026,jute,test
CROP_002027,jute,validation
CROP_002028,jute,train
CROP_002029,jute,train
CROP_002030,jute,train
CROP_002031,jute,train
CROP_002032,jute,validation
CROP_002033,jute,train
CROP_002034,jute,validation
CROP_002035,jute,train
CROP_002036,jute,train
CROP_002037,jute,train
CROP_002038,jute,train
CROP_002039,jute,train
CROP_002040,jute,train
CROP_002041,jute,train
CROP_002042,jute,validation
CROP_002043,jute,test
CROP_002044,jute,train
CROP_002045,jute,validation
CROP_002046,jute,validation
CROP_002047,jute,test
CROP_002048,jute,train
CROP_002049,jute,validation
CROP_002050,jute,test
CROP_002051,jute,test
CROP_002052,jute,train
CROP_002053,jute,train
CROP_002054,jute,train
CROP_002055,jute,validation
CROP_002056,jute,test
CROP_002057,jute,test
CROP_002058,jute,train
CROP_002059,jute,train
CROP_002060,jute,train
CROP_002061,jute,validation
CROP_002062,jute,train
CROP_002063,jute,train
CROP_002064,jute,train
CROP_002065,jute,train
CROP_002066,jute,train
CROP_002067,jute,validation
CROP_002068,jute,train
CROP_002069,jute,train
CROP_002070,jute,validation
CROP_002071,jute,train
CROP_002072,jute,train
CROP_002073,jute,train
CROP_002074,jute,train
CROP_002075,jute,validation
CROP_002076,jute,train
CROP_002077,jute,train
CROP_002078,jute,test
CROP_002079,jute,test
CROP_002080,jute,test
CROP_002081,jute,train
CROP_002082,jute,test
CROP_002083,jute,train
CROP_002084,jute,train
CROP_002085,jute,test
CROP_002086,jute,train
CROP_002087,jute,test
CROP_002088,jute,train
CROP_002089,jute,train
CROP_002090,jute,train
CROP_002091,jute,validation
CROP_002092,jute,train
CROP_002093,jute,train
CROP_002094,jute,train
CROP_002095,jute,validation
CROP_002096,jute,train
CROP_002097,jute,train
CROP_002098,jute,train
CROP_002099,jute,test
CROP_002100,jute,train
CROP_002101,coffee,train
CROP_002102,coffee,validation
CROP_002103,coffee,train
CROP_002104,coffee,train
CROP_002105,coffee,train
CROP_002106,coffee,train
CROP_002107,coffee,test
CROP_002108,coffee,test
CROP_002109,coffee,train
CROP_002110,coffee,test
CROP_002111,coffee,train
CROP_002112,coffee,validation
CROP_002113,coffee,validation
CROP_002114,coffee,train
CROP_002115,coffee,train
CROP_002116,coffee,train
CROP_002117,coffee,test
CROP_002118,coffee,train
CROP_002119,coffee,train
CROP_002120,coffee,validation
CROP_002121,coffee,validation
CROP_002122,coffee,train
CROP_002123,coffee,validation
CROP_002124,coffee,validation
CROP_002125,coffee,train
CROP_002126,coffee,test
CROP_002127,coffee,train
CROP_002128,coffee,train
CROP_002129,coffee,validation
CROP_002130,coffee,validation
CROP_002131,coffee,train
CROP_002132,coffee,train
CROP_002133,coffee,train
CROP_002134,coffee,test
CROP_002135,coffee,test
CROP_002136,coffee,test
CROP_002137,coffee,test
CROP_002138,coffee,train
CROP_002139,coffee,train
CROP_002140,coffee,train
CROP_002141,coffee,train
CROP_002142,coffee,train
CROP_002143,coffee,train
CROP_002144,coffee,train
CROP_002145,coffee,train
CROP_002146,coffee,test
CROP_002147,coffee,train
CROP_002148,coffee,test
CROP_002149,coffee,validation
CROP_002150,coffee,train
CROP_002151,coffee,train
CROP_002152,coffee,train
CROP_002153,coffee,train
CROP_002154,coffee,train
CROP_002155,coffee,test
CROP_002156,coffee,train
CROP_002157,coffee,train
CROP_002158,coffee,validation
CROP_002159,coffee,train
CROP_002160,coffee,train
CROP_002161,coffee,train
CROP_002162,coffee,validation
CROP_002163,coffee,train
CROP_002164,coffee,validation
CROP_002165,coffee,train
CROP_002166,coffee,train
CROP_002167,coffee,train
CROP_002168,coffee,validation
CROP_002169,coffee,train
CROP_002170,coffee,train
CROP_002171,coffee,train
CROP_002172,coffee,test
CROP_002173,coffee,test
CROP_002174,coffee,validation
CROP_002175,coffee,validation
CROP_002176,coffee,test
CROP_002177,coffee,train
CROP_002178,coffee,validation
CROP_002179,coffee,test
CROP_002180,coffee,train
CROP_002181,coffee,validation
CROP_002182,coffee,train
CROP_002183,coffee,test
CROP_002184,coffee,train
CROP_002185,coffee,train
CROP_002186,coffee,train
CROP_002187,coffee,test
CROP_002188,coffee,train
CROP_002189,coffee,train
CROP_002190,coffee,test
CROP_002191,coffee,train
CROP_002192,coffee,train
CROP_002193,coffee,train
CROP_002194,coffee,validation
CROP_002195,coffee,test
CROP_002196,coffee,train
CROP_002197,coffee,train
CROP_002198,coffee,train
CROP_002199,coffee,train
CROP_002200,coffee,validation
