user_id,item_id,score,rank
1021,24852,1.0,1
1021,13176,1.0,2
1021,21137,1.0,3
1021,21903,1.0,4
1021,47209,1.0,5
1021,47766,1.0,6
1021,16797,1.0,7
1021,26209,1.0,8
1021,27966,1.0,9
1021,27845,1.0,10
1021,24964,1.0,11
1021,49683,1.0,12
1021,22935,1.0,13
1021,45007,1.0,14
1021,30391,1.0,15
1021,5876,1.0,16
1021,21616,1.0,17
1021,17794,1.0,18
1021,42265,1.0,19
1021,22035,1.0,20
1022,13176,1.0,1
1022,21903,1.0,2
1022,24964,1.0,3
1022,22935,1.0,4
1022,4605,1.0,5
1022,42265,1.0,6
1022,22035,1.0,7
1022,5077,1.0,8
1022,34126,1.0,9
1022,24184,1.0,10
1022,21938,1.0,11
1022,27344,1.0,12
1022,2295,1.0,13
1022,41220,1.0,14
1022,34358,1.0,15
1022,20995,1.0,16
1022,8021,1.0,17
1022,25146,1.0,18
1022,41844,1.0,19
1022,42342,1.0,20
1024,12341,1.0,1
1024,33120,1.0,2
1024,5769,1.0,3
1024,17902,1.0,4
1024,33249,1.0,5
1024,24852,0.0,6
1024,13176,0.0,7
1024,21137,0.0,8
1024,21903,0.0,9
1024,47209,0.0,10
1024,47766,0.0,11
1024,16797,0.0,12
1024,26209,0.0,13
1024,47626,0.0,14
1024,27966,0.0,15
1024,27845,0.0,16
1024,24964,0.0,17
1024,49683,0.0,18
1024,22935,0.0,19
1024,39275,0.0,20
1027,13176,1.0,1
1027,21137,1.0,2
1027,47209,1.0,3
1027,47766,1.0,4
1027,26209,1.0,5
1027,47626,1.0,6
1027,24964,1.0,7
1027,22935,1.0,8
1027,5876,1.0,9
1027,4605,1.0,10
1027,44632,1.0,11
1027,37646,1.0,12
1027,46667,1.0,13
1027,34969,1.0,14
1027,25890,1.0,15
1027,10749,1.0,16
1027,28842,1.0,17
1027,44142,1.0,18
1027,27156,1.0,19
1027,11520,1.0,20
1058,13176,1.0,1
1058,21903,1.0,2
1058,12341,1.0,3
1058,42265,1.0,4
1058,31506,1.0,5
1058,890,1.0,6
1058,32689,1.0,7
1058,42768,1.0,8
1058,33768,1.0,9
1058,16953,1.0,10
1058,38928,1.0,11
1058,7021,1.0,12
1058,32478,1.0,13
1058,651,1.0,14
1058,48205,1.0,15
1058,9020,1.0,16
1058,48697,1.0,17
1058,2855,1.0,18
1058,4724,1.0,19
1058,22046,1.0,20
1059,24852,1.0,1
1059,13176,1.0,2
1059,21137,1.0,3
1059,21903,1.0,4
1059,47766,1.0,5
1059,26209,1.0,6
1059,27966,1.0,7
1059,24964,1.0,8
1059,22935,1.0,9
1059,45007,1.0,10
1059,30391,1.0,11
1059,5876,1.0,12
1059,4605,1.0,13
1059,8518,1.0,14
1059,4920,1.0,15
1059,37646,1.0,16
1059,22035,1.0,17
1059,44359,1.0,18
1059,31717,1.0,19
1059,19057,1.0,20
1066,24852,1.0,1
1066,13176,1.0,2
1066,16797,1.0,3
1066,27966,1.0,4
1066,9076,1.0,5
1066,5077,1.0,6
1066,26604,1.0,7
1066,432,1.0,8
1066,28199,1.0,9
1066,21288,1.0,10
1066,23909,1.0,11
1066,32689,1.0,12
1066,28465,1.0,13
1066,13870,1.0,14
1066,37158,1.0,15
1066,36865,1.0,16
1066,7644,1.0,17
1066,10957,1.0,18
1066,17949,1.0,19
1066,48205,1.0,20
1084,13176,1.0,1
1084,21137,1.0,2
1084,47209,1.0,3
1084,16797,1.0,4
1084,22935,1.0,5
1084,45007,1.0,6
1084,12341,1.0,7
1084,40706,1.0,8
1084,5876,1.0,9
1084,17794,1.0,10
1084,4605,1.0,11
1084,8277,1.0,12
1084,4920,1.0,13
1084,45066,1.0,14
1084,44359,1.0,15
1084,27086,1.0,16
1084,28985,1.0,17
1084,30489,1.0,18
1084,24184,1.0,19
1084,41950,1.0,20
1107,26209,1.0,1
1107,47626,1.0,2
1107,45007,1.0,3
1107,30391,1.0,4
1107,4605,1.0,5
1107,8518,1.0,6
1107,37646,1.0,7
1107,31717,1.0,8
1107,27086,1.0,9
1107,5077,1.0,10
1107,31506,1.0,11
1107,10749,1.0,12
1107,15290,1.0,13
1107,16759,1.0,14
1107,5785,1.0,15
1107,47734,1.0,16
1107,42701,1.0,17
1107,21405,1.0,18
1107,41844,1.0,19
1107,39812,1.0,20
1120,13176,1.0,1
1120,39275,1.0,2
1120,30391,1.0,3
1120,5876,1.0,4
1120,44359,1.0,5
1120,28985,1.0,6
1120,46667,1.0,7
1120,34126,1.0,8
1120,41950,1.0,9
1120,9839,1.0,10
1120,46676,1.0,11
1120,8021,1.0,12
1120,26940,1.0,13
1120,18288,1.0,14
1120,15902,1.0,15
1120,18234,1.0,16
1120,36389,1.0,17
1120,27548,1.0,18
1120,17461,1.0,19
1120,49416,1.0,20
1130,24852,1.0,1
1130,26209,1.0,2
1130,28204,1.0,3
1130,28199,1.0,4
1130,20114,1.0,5
1130,43772,1.0,6
1130,1940,1.0,7
1130,10673,1.0,8
1130,22959,1.0,9
1130,10473,1.0,10
1130,46842,1.0,11
1130,16965,1.0,12
1130,27548,1.0,13
1130,7131,1.0,14
1130,42633,1.0,15
1130,48335,1.0,16
1130,31557,1.0,17
1130,13176,0.0,18
1130,21137,0.0,19
1130,21903,0.0,20
1142,13176,1.0,1
1142,21903,1.0,2
1142,16797,1.0,3
1142,12341,1.0,4
1142,43352,1.0,5
1142,39408,1.0,6
1142,42768,1.0,7
1142,44683,1.0,8
1142,21195,1.0,9
1142,37710,1.0,10
1142,651,1.0,11
1142,44987,1.0,12
1142,5769,1.0,13
1142,7131,1.0,14
1142,4724,1.0,15
1142,33043,1.0,16
1142,25133,1.0,17
1142,17122,1.0,18
1142,17313,1.0,19
1142,24852,0.0,20
1150,24852,1.0,1
1150,21137,1.0,2
1150,47766,1.0,3
1150,27845,1.0,4
1150,24964,1.0,5
1150,30391,1.0,6
1150,28985,1.0,7
1150,46979,1.0,8
1150,9076,1.0,9
1150,5077,1.0,10
1150,26604,1.0,11
1150,10749,1.0,12
1150,5450,1.0,13
1150,27521,1.0,14
1150,19660,1.0,15
1150,16759,1.0,16
1150,25659,1.0,17
1150,33198,1.0,18
1150,37687,1.0,19
1150,40604,1.0,20
1164,24852,1.0,1
1164,21137,1.0,2
1164,21903,1.0,3
1164,47209,1.0,4
1164,47766,1.0,5
1164,26209,1.0,6
1164,47626,1.0,7
1164,27966,1.0,8
1164,27845,1.0,9
1164,22935,1.0,10
1164,45007,1.0,11
1164,28204,1.0,12
1164,21616,1.0,13
1164,17794,1.0,14
1164,45066,1.0,15
1164,31717,1.0,16
1164,5077,1.0,17
1164,34969,1.0,18
1164,26604,1.0,19
1164,31506,1.0,20
1173,24852,1.0,1
1173,21137,1.0,2
1173,47209,1.0,3
1173,47766,1.0,4
1173,27845,1.0,5
1173,22935,1.0,6
1173,28204,1.0,7
1173,40706,1.0,8
1173,21616,1.0,9
1173,4920,1.0,10
1173,31717,1.0,11
1173,27086,1.0,12
1173,35951,1.0,13
1173,31506,1.0,14
1173,25890,1.0,15
1173,5450,1.0,16
1173,30233,1.0,17
1173,35221,1.0,18
1173,5785,1.0,19
1173,25659,1.0,20
1197,13176,1.0,1
1197,21137,1.0,2
1197,21903,1.0,3
1197,47209,1.0,4
1197,47766,1.0,5
1197,26209,1.0,6
1197,27966,1.0,7
1197,27845,1.0,8
1197,24964,1.0,9
1197,45007,1.0,10
1197,12341,1.0,11
1197,40706,1.0,12
1197,5876,1.0,13
1197,21616,1.0,14
1197,17794,1.0,15
1197,8518,1.0,16
1197,42265,1.0,17
1197,22035,1.0,18
1197,45066,1.0,19
1197,28985,1.0,20
1199,24852,1.0,1
1199,21137,1.0,2
1199,21903,1.0,3
1199,47209,1.0,4
1199,26209,1.0,5
1199,47626,1.0,6
1199,27966,1.0,7
1199,49683,1.0,8
1199,39275,1.0,9
1199,30391,1.0,10
1199,8277,1.0,11
1199,45066,1.0,12
1199,44359,1.0,13
1199,31717,1.0,14
1199,46667,1.0,15
1199,26604,1.0,16
1199,43961,1.0,17
1199,5450,1.0,18
1199,8424,1.0,19
1199,46802,1.0,20
1202,24852,1.0,1
1202,39275,1.0,2
1202,41787,1.0,3
1202,9387,1.0,4
1202,13829,1.0,5
1202,21333,1.0,6
1202,7644,1.0,7
1202,10957,1.0,8
1202,45104,1.0,9
1202,39190,1.0,10
1202,31981,1.0,11
1202,10473,1.0,12
1202,17341,1.0,13
1202,46842,1.0,14
1202,47526,1.0,15
1202,43263,1.0,16
1202,4006,1.0,17
1202,26172,1.0,18
1202,13176,0.0,19
1202,21137,0.0,20
1213,19660,1.0,1
1213,8859,1.0,2
1213,22963,1.0,3
1213,8021,1.0,4
1213,12409,1.0,5
1213,13838,1.0,6
1213,20600,1.0,7
1213,7503,1.0,8
1213,44643,1.0,9
1213,23405,1.0,10
1213,24852,0.0,11
1213,13176,0.0,12
1213,21137,0.0,13
1213,21903,0.0,14
1213,47209,0.0,15
1213,47766,0.0,16
1213,16797,0.0,17
1213,26209,0.0,18
1213,47626,0.0,19
1213,27966,0.0,20
1242,24852,1.0,1
1242,21137,1.0,2
1242,47209,1.0,3
1242,16797,1.0,4
1242,47626,1.0,5
1242,27966,1.0,6
1242,27845,1.0,7
1242,49683,1.0,8
1242,45007,1.0,9
1242,5876,1.0,10
1242,17794,1.0,11
1242,4605,1.0,12
1242,49235,1.0,13
1242,8277,1.0,14
1242,27104,1.0,15
1242,34126,1.0,16
1242,30489,1.0,17
1242,24184,1.0,18
1242,31506,1.0,19
1242,28199,1.0,20
1246,24852,1.0,1
1246,47209,1.0,2
1246,16797,1.0,3
1246,27966,1.0,4
1246,27845,1.0,5
1246,39275,1.0,6
1246,17794,1.0,7
1246,42265,1.0,8
1246,4920,1.0,9
1246,46667,1.0,10
1246,43352,1.0,11
1246,21938,1.0,12
1246,5450,1.0,13
1246,39928,1.0,14
1246,46906,1.0,15
1246,31683,1.0,16
1246,47734,1.0,17
1246,31553,1.0,18
1246,46969,1.0,19
1246,44683,1.0,20
1250,24852,1.0,1
1250,21137,1.0,2
1250,21903,1.0,3
1250,47209,1.0,4
1250,26209,1.0,5
1250,22935,1.0,6
1250,45007,1.0,7
1250,17794,1.0,8
1250,4605,1.0,9
1250,8277,1.0,10
1250,8518,1.0,11
1250,42265,1.0,12
1250,4920,1.0,13
1250,45066,1.0,14
1250,31717,1.0,15
1250,27104,1.0,16
1250,35951,1.0,17
1250,34126,1.0,18
1250,34969,1.0,19
1250,26604,1.0,20
1271,24852,1.0,1
1271,13176,1.0,2
1271,21903,1.0,3
1271,47209,1.0,4
1271,26209,1.0,5
1271,47626,1.0,6
1271,24964,1.0,7
1271,22935,1.0,8
1271,39275,1.0,9
1271,45007,1.0,10
1271,30391,1.0,11
1271,21616,1.0,12
1271,17794,1.0,13
1271,8518,1.0,14
1271,37646,1.0,15
1271,44359,1.0,16
1271,31717,1.0,17
1271,46667,1.0,18
1271,35951,1.0,19
1271,34126,1.0,20
1368,46979,1.0,1
1368,8193,1.0,2
1368,10673,1.0,3
1368,47141,1.0,4
1368,33129,1.0,5
1368,11182,1.0,6
1368,47792,1.0,7
1368,44234,1.0,8
1368,46941,1.0,9
1368,24382,1.0,10
1368,5794,1.0,11
1368,10255,1.0,12
1368,34217,1.0,13
1368,29553,1.0,14
1368,26172,1.0,15
1368,24852,0.0,16
1368,13176,0.0,17
1368,21137,0.0,18
1368,21903,0.0,19
1368,47209,0.0,20
1378,24852,1.0,1
1378,13176,1.0,2
1378,21137,1.0,3
1378,47209,1.0,4
1378,47766,1.0,5
1378,27845,1.0,6
1378,24964,1.0,7
1378,22935,1.0,8
1378,39275,1.0,9
1378,30391,1.0,10
1378,40706,1.0,11
1378,8277,1.0,12
1378,8518,1.0,13
1378,42265,1.0,14
1378,37646,1.0,15
1378,22035,1.0,16
1378,44359,1.0,17
1378,31717,1.0,18
1378,41950,1.0,19
1378,43961,1.0,20
140,21137,1.0,1
140,47209,1.0,2
140,16797,1.0,3
140,26209,1.0,4
140,27966,1.0,5
140,24964,1.0,6
140,22935,1.0,7
140,39275,1.0,8
140,30391,1.0,9
140,40706,1.0,10
140,5876,1.0,11
140,21616,1.0,12
140,17794,1.0,13
140,37646,1.0,14
140,28985,1.0,15
140,19057,1.0,16
140,27104,1.0,17
140,9076,1.0,18
140,46667,1.0,19
140,34126,1.0,20
142,13176,1.0,1
142,21137,1.0,2
142,21903,1.0,3
142,47209,1.0,4
142,27966,1.0,5
142,24964,1.0,6
142,39275,1.0,7
142,45007,1.0,8
142,40706,1.0,9
142,5876,1.0,10
142,8277,1.0,11
142,42265,1.0,12
142,37646,1.0,13
142,24184,1.0,14
142,31506,1.0,15
142,27521,1.0,16
142,19660,1.0,17
142,11520,1.0,18
142,7781,1.0,19
142,46906,1.0,20
1427,16797,1.0,1
1427,33198,1.0,2
1427,31683,1.0,3
1427,15902,1.0,4
1427,7751,1.0,5
1427,32650,1.0,6
1427,31066,1.0,7
1427,34234,1.0,8
1427,12606,1.0,9
1427,20512,1.0,10
1427,43631,1.0,11
1427,47890,1.0,12
1427,41570,1.0,13
1427,24852,0.0,14
1427,13176,0.0,15
1427,21137,0.0,16
1427,21903,0.0,17
1427,47209,0.0,18
1427,47766,0.0,19
1427,26209,0.0,20
1428,26209,1.0,1
1428,27845,1.0,2
1428,30391,1.0,3
1428,49235,1.0,4
1428,42265,1.0,5
1428,37646,1.0,6
1428,44359,1.0,7
1428,31717,1.0,8
1428,28985,1.0,9
1428,30489,1.0,10
1428,10749,1.0,11
1428,28842,1.0,12
1428,9839,1.0,13
1428,46802,1.0,14
1428,26369,1.0,15
1428,17948,1.0,16
1428,41220,1.0,17
1428,42585,1.0,18
1428,44910,1.0,19
1428,37687,1.0,20
146,24852,1.0,1
146,47766,1.0,2
146,16797,1.0,3
146,26209,1.0,4
146,22935,1.0,5
146,39275,1.0,6
146,40706,1.0,7
146,17794,1.0,8
146,44359,1.0,9
146,9076,1.0,10
146,24184,1.0,11
146,34969,1.0,12
146,29487,1.0,13
146,44142,1.0,14
146,8424,1.0,15
146,46802,1.0,16
146,33198,1.0,17
146,34358,1.0,18
146,5025,1.0,19
146,8193,1.0,20
1498,13176,1.0,1
1498,21137,1.0,2
1498,47209,1.0,3
1498,26209,1.0,4
1498,27966,1.0,5
1498,24964,1.0,6
1498,22935,1.0,7
1498,39275,1.0,8
1498,30391,1.0,9
1498,5876,1.0,10
1498,17794,1.0,11
1498,8277,1.0,12
1498,4920,1.0,13
1498,22035,1.0,14
1498,31717,1.0,15
1498,46979,1.0,16
1498,27104,1.0,17
1498,46667,1.0,18
1498,41950,1.0,19
1498,31506,1.0,20
1504,24852,1.0,1
1504,13176,1.0,2
1504,39275,1.0,3
1504,9076,1.0,4
1504,29487,1.0,5
1504,23909,1.0,6
1504,16953,1.0,7
1504,19488,1.0,8
1504,46886,1.0,9
1504,8390,1.0,10
1504,24382,1.0,11
1504,48523,1.0,12
1504,21137,0.0,13
1504,21903,0.0,14
1504,47209,0.0,15
1504,47766,0.0,16
1504,16797,0.0,17
1504,26209,0.0,18
1504,47626,0.0,19
1504,27966,0.0,20
1519,13176,1.0,1
1519,21137,1.0,2
1519,47766,1.0,3
1519,47626,1.0,4
1519,27966,1.0,5
1519,44632,1.0,6
1519,27086,1.0,7
1519,5077,1.0,8
1519,24838,1.0,9
1519,27344,1.0,10
1519,30233,1.0,11
1519,196,1.0,12
1519,1463,1.0,13
1519,35221,1.0,14
1519,33198,1.0,15
1519,19348,1.0,16
1519,7781,1.0,17
1519,40571,1.0,18
1519,32655,1.0,19
1519,3957,1.0,20
1527,24852,1.0,1
1527,13176,1.0,2
1527,21137,1.0,3
1527,21903,1.0,4
1527,47766,1.0,5
1527,16797,1.0,6
1527,26209,1.0,7
1527,47626,1.0,8
1527,27966,1.0,9
1527,27845,1.0,10
1527,24964,1.0,11
1527,49683,1.0,12
1527,22935,1.0,13
1527,30391,1.0,14
1527,40706,1.0,15
1527,4605,1.0,16
1527,37646,1.0,17
1527,44359,1.0,18
1527,31717,1.0,19
1527,28985,1.0,20
1531,24852,1.0,1
1531,47766,1.0,2
1531,16797,1.0,3
1531,47626,1.0,4
1531,49683,1.0,5
1531,28204,1.0,6
1531,49235,1.0,7
1531,42265,1.0,8
1531,4920,1.0,9
1531,45066,1.0,10
1531,44359,1.0,11
1531,27086,1.0,12
1531,28985,1.0,13
1531,34969,1.0,14
1531,432,1.0,15
1531,39877,1.0,16
1531,46802,1.0,17
1531,14947,1.0,18
1531,20114,1.0,19
1531,41787,1.0,20
1537,21903,1.0,1
1537,27966,1.0,2
1537,49235,1.0,3
1537,43352,1.0,4
1537,40199,1.0,5
1537,16953,1.0,6
1537,30720,1.0,7
1537,43154,1.0,8
1537,37710,1.0,9
1537,20955,1.0,10
1537,38928,1.0,11
1537,12916,1.0,12
1537,32478,1.0,13
1537,3298,1.0,14
1537,41400,1.0,15
1537,31651,1.0,16
1537,10441,1.0,17
1537,2855,1.0,18
1537,22362,1.0,19
1537,31759,1.0,20
1538,24852,1.0,1
1538,16797,1.0,2
1538,43352,1.0,3
1538,47144,1.0,4
1538,42585,1.0,5
1538,21288,1.0,6
1538,43772,1.0,7
1538,40310,1.0,8
1538,34466,1.0,9
1538,30850,1.0,10
1538,3298,1.0,11
1538,13249,1.0,12
1538,35921,1.0,13
1538,35042,1.0,14
1538,8153,1.0,15
1538,46175,1.0,16
1538,1069,1.0,17
1538,33290,1.0,18
1538,20919,1.0,19
1538,7736,1.0,20
1542,13176,1.0,1
1542,21137,1.0,2
1542,21903,1.0,3
1542,27966,1.0,4
1542,39275,1.0,5
1542,12341,1.0,6
1542,43352,1.0,7
1542,196,1.0,8
1542,37687,1.0,9
1542,42768,1.0,10
1542,33768,1.0,11
1542,35561,1.0,12
1542,43154,1.0,13
1542,38768,1.0,14
1542,8571,1.0,15
1542,27796,1.0,16
1542,9755,1.0,17
1542,31651,1.0,18
1542,24852,0.0,19
1542,47209,0.0,20
1546,24852,1.0,1
1546,21137,1.0,2
1546,21903,1.0,3
1546,47209,1.0,4
1546,49683,1.0,5
1546,30391,1.0,6
1546,5876,1.0,7
1546,37646,1.0,8
1546,46667,1.0,9
1546,8174,1.0,10
1546,35547,1.0,11
1546,10246,1.0,12
1546,20734,1.0,13
1546,35140,1.0,14
1546,36127,1.0,15
1546,3464,1.0,16
1546,4461,1.0,17
1546,6873,1.0,18
1546,9047,1.0,19
1546,13176,0.0,20
1553,13176,1.0,1
1553,21137,1.0,2
1553,21903,1.0,3
1553,16797,1.0,4
1553,27966,1.0,5
1553,27845,1.0,6
1553,24964,1.0,7
1553,49683,1.0,8
1553,45007,1.0,9
1553,12341,1.0,10
1553,28204,1.0,11
1553,17794,1.0,12
1553,8277,1.0,13
1553,44632,1.0,14
1553,22035,1.0,15
1553,45066,1.0,16
1553,27086,1.0,17
1553,19057,1.0,18
1553,27104,1.0,19
1553,5077,1.0,20
17,16797,1.0,1
17,5077,1.0,2
17,9387,1.0,3
17,42356,1.0,4
17,49131,1.0,5
17,47141,1.0,6
17,812,1.0,7
17,21553,1.0,8
17,44234,1.0,9
17,24852,0.0,10
17,13176,0.0,11
17,21137,0.0,12
17,21903,0.0,13
17,47209,0.0,14
17,47766,0.0,15
17,26209,0.0,16
17,47626,0.0,17
17,27966,0.0,18
17,27845,0.0,19
17,24964,0.0,20
173,24852,1.0,1
173,13176,1.0,2
173,21137,1.0,3
173,21903,1.0,4
173,16797,1.0,5
173,26209,1.0,6
173,47626,1.0,7
173,24964,1.0,8
173,49683,1.0,9
173,45007,1.0,10
173,28204,1.0,11
173,4605,1.0,12
173,42265,1.0,13
173,4920,1.0,14
173,37646,1.0,15
173,35951,1.0,16
173,24184,1.0,17
173,10749,1.0,18
173,24838,1.0,19
173,29487,1.0,20
187,24852,1.0,1
187,24184,1.0,2
187,39928,1.0,3
187,34358,1.0,4
187,3957,1.0,5
187,21288,1.0,6
187,46654,1.0,7
187,27325,1.0,8
187,2966,1.0,9
187,34128,1.0,10
187,5612,1.0,11
187,8153,1.0,12
187,7156,1.0,13
187,13176,0.0,14
187,21137,0.0,15
187,21903,0.0,16
187,47209,0.0,17
187,47766,0.0,18
187,16797,0.0,19
187,26209,0.0,20
195,13176,1.0,1
195,4920,1.0,2
195,196,1.0,3
195,6184,1.0,4
195,41787,1.0,5
195,46149,1.0,6
195,39408,1.0,7
195,21292,1.0,8
195,26348,1.0,9
195,25588,1.0,10
195,11759,1.0,11
195,19691,1.0,12
195,31651,1.0,13
195,31759,1.0,14
195,48812,1.0,15
195,24852,0.0,16
195,21137,0.0,17
195,21903,0.0,18
195,47209,0.0,19
195,47766,0.0,20
204,13176,1.0,1
204,21137,1.0,2
204,21903,1.0,3
204,47209,1.0,4
204,26209,1.0,5
204,24964,1.0,6
204,22935,1.0,7
204,45007,1.0,8
204,30391,1.0,9
204,5876,1.0,10
204,17794,1.0,11
204,8518,1.0,12
204,44359,1.0,13
204,31717,1.0,14
204,28985,1.0,15
204,19057,1.0,16
204,27104,1.0,17
204,46667,1.0,18
204,34126,1.0,19
204,41950,1.0,20
21,24852,1.0,1
21,21137,1.0,2
21,47766,1.0,3
21,26209,1.0,4
21,28204,1.0,5
21,44632,1.0,6
21,37646,1.0,7
21,27086,1.0,8
21,9076,1.0,9
21,43352,1.0,10
21,28199,1.0,11
21,196,1.0,12
21,35221,1.0,13
21,33754,1.0,14
21,43154,1.0,15
21,7963,1.0,16
21,42356,1.0,17
21,10957,1.0,18
21,6348,1.0,19
21,45603,1.0,20
210,24852,1.0,1
210,21137,1.0,2
210,21903,1.0,3
210,47209,1.0,4
210,47766,1.0,5
210,16797,1.0,6
210,49683,1.0,7
210,39275,1.0,8
210,21616,1.0,9
210,8518,1.0,10
210,42265,1.0,11
210,4920,1.0,12
210,31717,1.0,13
210,46979,1.0,14
210,9076,1.0,15
210,34126,1.0,16
210,30489,1.0,17
210,34969,1.0,18
210,43961,1.0,19
210,28199,1.0,20
219,24852,1.0,1
219,13176,1.0,2
219,21137,1.0,3
219,27966,1.0,4
219,39275,1.0,5
219,28199,1.0,6
219,1463,1.0,7
219,21288,1.0,8
219,43772,1.0,9
219,49131,1.0,10
219,25466,1.0,11
219,26165,1.0,12
219,7644,1.0,13
219,42450,1.0,14
219,13166,1.0,15
219,10132,1.0,16
219,43014,1.0,17
219,32650,1.0,18
219,30353,1.0,19
219,46886,1.0,20
222,21137,1.0,1
222,16797,1.0,2
222,27344,1.0,3
222,432,1.0,4
222,196,1.0,5
222,19348,1.0,6
222,4210,1.0,7
222,47144,1.0,8
222,2966,1.0,9
222,49520,1.0,10
222,47141,1.0,11
222,9755,1.0,12
222,49191,1.0,13
222,15902,1.0,14
222,20876,1.0,15
222,40910,1.0,16
222,32747,1.0,17
222,27730,1.0,18
222,12427,1.0,19
222,23032,1.0,20
223,13176,1.0,1
223,21137,1.0,2
223,21903,1.0,3
223,47766,1.0,4
223,16797,1.0,5
223,47626,1.0,6
223,39275,1.0,7
223,5876,1.0,8
223,8277,1.0,9
223,42265,1.0,10
223,37646,1.0,11
223,22035,1.0,12
223,45066,1.0,13
223,27086,1.0,14
223,28985,1.0,15
223,19057,1.0,16
223,9076,1.0,17
223,43352,1.0,18
223,35951,1.0,19
223,30489,1.0,20
262,24852,1.0,1
262,16797,1.0,2
262,28204,1.0,3
262,30391,1.0,4
262,5876,1.0,5
262,37646,1.0,6
262,8859,1.0,7
262,31683,1.0,8
262,19678,1.0,9
262,17872,1.0,10
262,38159,1.0,11
262,41290,1.0,12
262,20955,1.0,13
262,33129,1.0,14
262,25340,1.0,15
262,40174,1.0,16
262,7175,1.0,17
262,30406,1.0,18
262,14870,1.0,19
262,40709,1.0,20
27,24852,1.0,1
27,5876,1.0,2
27,27086,1.0,3
27,46667,1.0,4
27,40571,1.0,5
27,33754,1.0,6
27,46676,1.0,7
27,33787,1.0,8
27,4957,1.0,9
27,13984,1.0,10
27,27325,1.0,11
27,2966,1.0,12
27,30776,1.0,13
27,32478,1.0,14
27,36929,1.0,15
27,18523,1.0,16
27,14917,1.0,17
27,40709,1.0,18
27,12545,1.0,19
27,16290,1.0,20
278,26209,1.0,1
278,47626,1.0,2
278,49683,1.0,3
278,30391,1.0,4
278,5876,1.0,5
278,49235,1.0,6
278,27086,1.0,7
278,432,1.0,8
278,5785,1.0,9
278,47144,1.0,10
278,8174,1.0,11
278,35898,1.0,12
278,13838,1.0,13
278,27730,1.0,14
278,2962,1.0,15
278,24852,0.0,16
278,13176,0.0,17
278,21137,0.0,18
278,21903,0.0,19
278,47209,0.0,20
280,21137,1.0,1
280,47209,1.0,2
280,47766,1.0,3
280,26209,1.0,4
280,39275,1.0,5
280,30391,1.0,6
280,40706,1.0,7
280,8277,1.0,8
280,37646,1.0,9
280,22035,1.0,10
280,9076,1.0,11
280,35951,1.0,12
280,27344,1.0,13
280,26369,1.0,14
280,39928,1.0,15
280,22825,1.0,16
280,20995,1.0,17
280,40199,1.0,18
280,42701,1.0,19
280,38777,1.0,20
289,13176,1.0,1
289,21137,1.0,2
289,21903,1.0,3
289,47209,1.0,4
289,47626,1.0,5
289,39275,1.0,6
289,30391,1.0,7
289,40706,1.0,8
289,21616,1.0,9
289,31717,1.0,10
289,46667,1.0,11
289,35951,1.0,12
289,34126,1.0,13
289,30450,1.0,14
289,43122,1.0,15
289,34243,1.0,16
289,42768,1.0,17
289,26940,1.0,18
289,18027,1.0,19
289,46969,1.0,20
300,21137,1.0,1
300,21903,1.0,2
300,47209,1.0,3
300,26209,1.0,4
300,28204,1.0,5
300,8518,1.0,6
300,42265,1.0,7
300,4920,1.0,8
300,19057,1.0,9
300,46979,1.0,10
300,46667,1.0,11
300,34969,1.0,12
300,21938,1.0,13
300,20114,1.0,14
300,48679,1.0,15
300,41220,1.0,16
300,34243,1.0,17
300,3957,1.0,18
300,5025,1.0,19
300,43789,1.0,20
304,8277,1.0,1
304,5212,1.0,2
304,8021,1.0,3
304,47672,1.0,4
304,42356,1.0,5
304,11576,1.0,6
304,42110,1.0,7
304,20339,1.0,8
304,20345,1.0,9
304,5194,1.0,10
304,40691,1.0,11
304,40063,1.0,12
304,25718,1.0,13
304,22281,1.0,14
304,35233,1.0,15
304,10753,1.0,16
304,8230,1.0,17
304,24852,0.0,18
304,13176,0.0,19
304,21137,0.0,20
310,5077,1.0,1
310,4210,1.0,2
310,43154,1.0,3
310,43295,1.0,4
310,27796,1.0,5
310,31981,1.0,6
310,41400,1.0,7
310,35898,1.0,8
310,44234,1.0,9
310,23032,1.0,10
310,46088,1.0,11
310,24852,0.0,12
310,13176,0.0,13
310,21137,0.0,14
310,21903,0.0,15
310,47209,0.0,16
310,47766,0.0,17
310,16797,0.0,18
310,26209,0.0,19
310,47626,0.0,20
313,13176,1.0,1
313,21137,1.0,2
313,21903,1.0,3
313,47209,1.0,4
313,24964,1.0,5
313,22935,1.0,6
313,45007,1.0,7
313,30391,1.0,8
313,5876,1.0,9
313,8518,1.0,10
313,37646,1.0,11
313,44359,1.0,12
313,31717,1.0,13
313,34126,1.0,14
313,24184,1.0,15
313,41950,1.0,16
313,27344,1.0,17
313,28842,1.0,18
313,9839,1.0,19
313,27521,1.0,20
323,24852,1.0,1
323,13176,1.0,2
323,21137,1.0,3
323,47209,1.0,4
323,16797,1.0,5
323,27966,1.0,6
323,27845,1.0,7
323,39275,1.0,8
323,28204,1.0,9
323,44632,1.0,10
323,4920,1.0,11
323,22035,1.0,12
323,45066,1.0,13
323,27086,1.0,14
323,19057,1.0,15
323,30489,1.0,16
323,26604,1.0,17
323,43961,1.0,18
323,27344,1.0,19
323,5450,1.0,20
327,24852,1.0,1
327,21137,1.0,2
327,47766,1.0,3
327,5876,1.0,4
327,17794,1.0,5
327,4605,1.0,6
327,49235,1.0,7
327,4920,1.0,8
327,45066,1.0,9
327,44359,1.0,10
327,31717,1.0,11
327,27086,1.0,12
327,28985,1.0,13
327,19057,1.0,14
327,46667,1.0,15
327,24184,1.0,16
327,27344,1.0,17
327,432,1.0,18
327,30233,1.0,19
327,27156,1.0,20
334,21137,1.0,1
334,47766,1.0,2
334,45007,1.0,3
334,12341,1.0,4
334,5876,1.0,5
334,17794,1.0,6
334,37646,1.0,7
334,22035,1.0,8
334,28985,1.0,9
334,9076,1.0,10
334,30489,1.0,11
334,34969,1.0,12
334,25890,1.0,13
334,10749,1.0,14
334,9839,1.0,15
334,28199,1.0,16
334,16759,1.0,17
334,43122,1.0,18
334,25659,1.0,19
334,33198,1.0,20
403,24852,1.0,1
403,21137,1.0,2
403,21903,1.0,3
403,47209,1.0,4
403,47766,1.0,5
403,16797,1.0,6
403,26209,1.0,7
403,47626,1.0,8
403,24964,1.0,9
403,49683,1.0,10
403,22935,1.0,11
403,39275,1.0,12
403,5876,1.0,13
403,4605,1.0,14
403,8277,1.0,15
403,8518,1.0,16
403,42265,1.0,17
403,22035,1.0,18
403,44359,1.0,19
403,46979,1.0,20
409,24852,1.0,1
409,13176,1.0,2
409,21903,1.0,3
409,47766,1.0,4
409,26209,1.0,5
409,24964,1.0,6
409,49683,1.0,7
409,8277,1.0,8
409,44632,1.0,9
409,37646,1.0,10
409,44359,1.0,11
409,31717,1.0,12
409,46979,1.0,13
409,41950,1.0,14
409,31506,1.0,15
409,44142,1.0,16
409,35221,1.0,17
409,11520,1.0,18
409,14947,1.0,19
409,33731,1.0,20
432,21903,1.0,1
432,47209,1.0,2
432,27845,1.0,3
432,24964,1.0,4
432,22935,1.0,5
432,45007,1.0,6
432,5876,1.0,7
432,17794,1.0,8
432,4605,1.0,9
432,44359,1.0,10
432,24184,1.0,11
432,41950,1.0,12
432,31506,1.0,13
432,21938,1.0,14
432,44142,1.0,15
432,19660,1.0,16
432,15290,1.0,17
432,33731,1.0,18
432,18465,1.0,19
432,44910,1.0,20
444,13176,1.0,1
444,21137,1.0,2
444,21903,1.0,3
444,47766,1.0,4
444,16797,1.0,5
444,47626,1.0,6
444,27966,1.0,7
444,27845,1.0,8
444,49683,1.0,9
444,39275,1.0,10
444,45007,1.0,11
444,21616,1.0,12
444,4605,1.0,13
444,42265,1.0,14
444,37646,1.0,15
444,28985,1.0,16
444,27104,1.0,17
444,46667,1.0,18
444,34126,1.0,19
444,30489,1.0,20
448,24852,1.0,1
448,21137,1.0,2
448,39275,1.0,3
448,28204,1.0,4
448,30391,1.0,5
448,5876,1.0,6
448,4920,1.0,7
448,27104,1.0,8
448,34969,1.0,9
448,26604,1.0,10
448,21938,1.0,11
448,7781,1.0,12
448,47144,1.0,13
448,34358,1.0,14
448,8193,1.0,15
448,39408,1.0,16
448,42736,1.0,17
448,41844,1.0,18
448,47672,1.0,19
448,23375,1.0,20
454,24852,1.0,1
454,20995,1.0,2
454,7644,1.0,3
454,12916,1.0,4
454,27796,1.0,5
454,28993,1.0,6
454,16965,1.0,7
454,46522,1.0,8
454,44234,1.0,9
454,8390,1.0,10
454,1069,1.0,11
454,32465,1.0,12
454,24382,1.0,13
454,36180,1.0,14
454,11408,1.0,15
454,23405,1.0,16
454,49481,1.0,17
454,9327,1.0,18
454,13176,0.0,19
454,21137,0.0,20
465,13176,1.0,1
465,21137,1.0,2
465,21903,1.0,3
465,47209,1.0,4
465,47766,1.0,5
465,27966,1.0,6
465,24964,1.0,7
465,49683,1.0,8
465,45007,1.0,9
465,30391,1.0,10
465,5876,1.0,11
465,21616,1.0,12
465,17794,1.0,13
465,8518,1.0,14
465,35951,1.0,15
465,41950,1.0,16
465,27344,1.0,17
465,26369,1.0,18
465,14947,1.0,19
465,8859,1.0,20
481,24852,1.0,1
481,13176,1.0,2
481,21137,1.0,3
481,47209,1.0,4
481,47766,1.0,5
481,26209,1.0,6
481,22935,1.0,7
481,45007,1.0,8
481,30391,1.0,9
481,40706,1.0,10
481,17794,1.0,11
481,44632,1.0,12
481,4920,1.0,13
481,27104,1.0,14
481,34126,1.0,15
481,41950,1.0,16
481,43961,1.0,17
481,28199,1.0,18
481,46802,1.0,19
481,15290,1.0,20
487,13176,1.0,1
487,21137,1.0,2
487,21903,1.0,3
487,47209,1.0,4
487,47766,1.0,5
487,47626,1.0,6
487,27966,1.0,7
487,24964,1.0,8
487,30391,1.0,9
487,40706,1.0,10
487,5876,1.0,11
487,49235,1.0,12
487,27086,1.0,13
487,46667,1.0,14
487,34126,1.0,15
487,30489,1.0,16
487,41950,1.0,17
487,10749,1.0,18
487,27344,1.0,19
487,44142,1.0,20
50,21137,1.0,1
50,21903,1.0,2
50,47209,1.0,3
50,24964,1.0,4
50,22935,1.0,5
50,45007,1.0,6
50,8518,1.0,7
50,46667,1.0,8
50,34126,1.0,9
50,41950,1.0,10
50,27521,1.0,11
50,34243,1.0,12
50,47734,1.0,13
50,19678,1.0,14
50,43789,1.0,15
50,23165,1.0,16
50,21174,1.0,17
50,48775,1.0,18
50,18370,1.0,19
50,48857,1.0,20
525,26209,1.0,1
525,4605,1.0,2
525,27104,1.0,3
525,9076,1.0,4
525,34126,1.0,5
525,28842,1.0,6
525,29487,1.0,7
525,26369,1.0,8
525,5818,1.0,9
525,31553,1.0,10
525,32689,1.0,11
525,2078,1.0,12
525,44683,1.0,13
525,21333,1.0,14
525,48745,1.0,15
525,42625,1.0,16
525,26283,1.0,17
525,19706,1.0,18
525,28601,1.0,19
525,46941,1.0,20
528,24852,1.0,1
528,13176,1.0,2
528,21137,1.0,3
528,47766,1.0,4
528,26209,1.0,5
528,27845,1.0,6
528,24964,1.0,7
528,22935,1.0,8
528,45007,1.0,9
528,30391,1.0,10
528,17794,1.0,11
528,4605,1.0,12
528,8277,1.0,13
528,8518,1.0,14
528,37646,1.0,15
528,44359,1.0,16
528,27104,1.0,17
528,46667,1.0,18
528,21938,1.0,19
528,28842,1.0,20
560,24852,1.0,1
560,28204,1.0,2
560,44632,1.0,3
560,42265,1.0,4
560,37646,1.0,5
560,22035,1.0,6
560,27086,1.0,7
560,43961,1.0,8
560,28199,1.0,9
560,35221,1.0,10
560,14947,1.0,11
560,7781,1.0,12
560,21709,1.0,13
560,13829,1.0,14
560,13380,1.0,15
560,49191,1.0,16
560,12312,1.0,17
560,29926,1.0,18
560,26096,1.0,19
560,20119,1.0,20
562,16797,1.0,1
562,12341,1.0,2
562,19348,1.0,3
562,38928,1.0,4
562,32478,1.0,5
562,35898,1.0,6
562,48812,1.0,7
562,24852,0.0,8
562,13176,0.0,9
562,21137,0.0,10
562,21903,0.0,11
562,47209,0.0,12
562,47766,0.0,13
562,26209,0.0,14
562,47626,0.0,15
562,27966,0.0,16
562,27845,0.0,17
562,24964,0.0,18
562,49683,0.0,19
562,22935,0.0,20
612,21903,1.0,1
612,47209,1.0,2
612,16797,1.0,3
612,47626,1.0,4
612,24964,1.0,5
612,40706,1.0,6
612,42265,1.0,7
612,4920,1.0,8
612,22035,1.0,9
612,45066,1.0,10
612,46979,1.0,11
612,27104,1.0,12
612,46667,1.0,13
612,30489,1.0,14
612,25890,1.0,15
612,39877,1.0,16
612,9839,1.0,17
612,16759,1.0,18
612,2295,1.0,19
612,33731,1.0,20
626,24852,1.0,1
626,47766,1.0,2
626,34969,1.0,3
626,196,1.0,4
626,33198,1.0,5
626,19348,1.0,6
626,9387,1.0,7
626,47144,1.0,8
626,38777,1.0,9
626,43154,1.0,10
626,47141,1.0,11
626,33129,1.0,12
626,21376,1.0,13
626,21019,1.0,14
626,16262,1.0,15
626,7751,1.0,16
626,40910,1.0,17
626,16290,1.0,18
626,24253,1.0,19
626,40063,1.0,20
63,13176,1.0,1
63,21137,1.0,2
63,21903,1.0,3
63,47209,1.0,4
63,16797,1.0,5
63,27966,1.0,6
63,24964,1.0,7
63,22935,1.0,8
63,45007,1.0,9
63,30391,1.0,10
63,5876,1.0,11
63,49235,1.0,12
63,8277,1.0,13
63,27104,1.0,14
63,46667,1.0,15
63,30489,1.0,16
63,24184,1.0,17
63,41950,1.0,18
63,31506,1.0,19
63,10749,1.0,20
646,21137,1.0,1
646,16797,1.0,2
646,27966,1.0,3
646,24964,1.0,4
646,22935,1.0,5
646,5876,1.0,6
646,4920,1.0,7
646,19057,1.0,8
646,10749,1.0,9
646,27521,1.0,10
646,27156,1.0,11
646,18465,1.0,12
646,11777,1.0,13
646,22825,1.0,14
646,8174,1.0,15
646,18288,1.0,16
646,2966,1.0,17
646,35535,1.0,18
646,260,1.0,19
646,13535,1.0,20
649,24852,1.0,1
649,21137,1.0,2
649,21903,1.0,3
649,47209,1.0,4
649,16797,1.0,5
649,26209,1.0,6
649,47626,1.0,7
649,49683,1.0,8
649,45007,1.0,9
649,17794,1.0,10
649,8277,1.0,11
649,37646,1.0,12
649,45066,1.0,13
649,44359,1.0,14
649,27104,1.0,15
649,9076,1.0,16
649,5077,1.0,17
649,34126,1.0,18
649,34969,1.0,19
649,31506,1.0,20
655,24852,1.0,1
655,21137,1.0,2
655,21903,1.0,3
655,26209,1.0,4
655,47626,1.0,5
655,27845,1.0,6
655,39275,1.0,7
655,30391,1.0,8
655,17794,1.0,9
655,8277,1.0,10
655,8518,1.0,11
655,37646,1.0,12
655,45066,1.0,13
655,46667,1.0,14
655,24184,1.0,15
655,26604,1.0,16
655,21938,1.0,17
655,25890,1.0,18
655,28842,1.0,19
655,44142,1.0,20
667,47209,1.0,1
667,47766,1.0,2
667,19057,1.0,3
667,34969,1.0,4
667,41950,1.0,5
667,35221,1.0,6
667,33198,1.0,7
667,24489,1.0,8
667,8859,1.0,9
667,8021,1.0,10
667,7963,1.0,11
667,40268,1.0,12
667,21386,1.0,13
667,46616,1.0,14
667,36792,1.0,15
667,27509,1.0,16
667,41319,1.0,17
667,26317,1.0,18
667,5449,1.0,19
667,13712,1.0,20
690,24852,1.0,1
690,13176,1.0,2
690,21137,1.0,3
690,47766,1.0,4
690,26209,1.0,5
690,24964,1.0,6
690,22935,1.0,7
690,45007,1.0,8
690,21616,1.0,9
690,17794,1.0,10
690,4605,1.0,11
690,8518,1.0,12
690,22035,1.0,13
690,31717,1.0,14
690,28985,1.0,15
690,27104,1.0,16
690,46667,1.0,17
690,5077,1.0,18
690,34969,1.0,19
690,31506,1.0,20
696,24852,1.0,1
696,13176,1.0,2
696,16797,1.0,3
696,47626,1.0,4
696,49683,1.0,5
696,22935,1.0,6
696,28204,1.0,7
696,40706,1.0,8
696,27086,1.0,9
696,26604,1.0,10
696,28842,1.0,11
696,28199,1.0,12
696,5785,1.0,13
696,41787,1.0,14
696,46906,1.0,15
696,40604,1.0,16
696,42828,1.0,17
696,38383,1.0,18
696,31343,1.0,19
696,42701,1.0,20
699,21137,1.0,1
699,21903,1.0,2
699,47766,1.0,3
699,47626,1.0,4
699,27966,1.0,5
699,27845,1.0,6
699,24964,1.0,7
699,22935,1.0,8
699,39275,1.0,9
699,45007,1.0,10
699,40706,1.0,11
699,21616,1.0,12
699,8277,1.0,13
699,8518,1.0,14
699,4920,1.0,15
699,22035,1.0,16
699,45066,1.0,17
699,31717,1.0,18
699,19057,1.0,19
699,46979,1.0,20
719,13176,1.0,1
719,21137,1.0,2
719,21903,1.0,3
719,47209,1.0,4
719,26209,1.0,5
719,24964,1.0,6
719,22935,1.0,7
719,39275,1.0,8
719,40706,1.0,9
719,5876,1.0,10
719,21616,1.0,11
719,17794,1.0,12
719,49235,1.0,13
719,44359,1.0,14
719,19057,1.0,15
719,46667,1.0,16
719,35951,1.0,17
719,34126,1.0,18
719,26604,1.0,19
719,21938,1.0,20
729,24852,1.0,1
729,21137,1.0,2
729,16797,1.0,3
729,47626,1.0,4
729,27845,1.0,5
729,5876,1.0,6
729,49235,1.0,7
729,27086,1.0,8
729,9076,1.0,9
729,26604,1.0,10
729,1463,1.0,11
729,39408,1.0,12
729,29447,1.0,13
729,4942,1.0,14
729,13166,1.0,15
729,42244,1.0,16
729,812,1.0,17
729,26032,1.0,18
729,23634,1.0,19
729,13176,0.0,20
768,13176,1.0,1
768,21903,1.0,2
768,26209,1.0,3
768,47626,1.0,4
768,21616,1.0,5
768,8277,1.0,6
768,8518,1.0,7
768,31717,1.0,8
768,35951,1.0,9
768,34969,1.0,10
768,25890,1.0,11
768,5450,1.0,12
768,39877,1.0,13
768,19660,1.0,14
768,46802,1.0,15
768,20114,1.0,16
768,25659,1.0,17
768,24489,1.0,18
768,42585,1.0,19
768,20995,1.0,20
786,24852,1.0,1
786,21137,1.0,2
786,21903,1.0,3
786,47766,1.0,4
786,16797,1.0,5
786,47626,1.0,6
786,49683,1.0,7
786,45007,1.0,8
786,28204,1.0,9
786,21616,1.0,10
786,42265,1.0,11
786,22035,1.0,12
786,30489,1.0,13
786,41950,1.0,14
786,28842,1.0,15
786,39877,1.0,16
786,8424,1.0,17
786,20114,1.0,18
786,39928,1.0,19
786,19348,1.0,20
818,24852,1.0,1
818,21137,1.0,2
818,17794,1.0,3
818,37646,1.0,4
818,45066,1.0,5
818,19057,1.0,6
818,9839,1.0,7
818,11520,1.0,8
818,16759,1.0,9
818,5785,1.0,10
818,41665,1.0,11
818,18531,1.0,12
818,27744,1.0,13
818,27695,1.0,14
818,7969,1.0,15
818,19019,1.0,16
818,9515,1.0,17
818,26283,1.0,18
818,15613,1.0,19
818,32747,1.0,20
847,13176,1.0,1
847,21137,1.0,2
847,21903,1.0,3
847,47209,1.0,4
847,27966,1.0,5
847,27845,1.0,6
847,24964,1.0,7
847,39275,1.0,8
847,45007,1.0,9
847,12341,1.0,10
847,30391,1.0,11
847,5876,1.0,12
847,8518,1.0,13
847,42265,1.0,14
847,4920,1.0,15
847,37646,1.0,16
847,22035,1.0,17
847,31717,1.0,18
847,19057,1.0,19
847,27104,1.0,20
848,13176,1.0,1
848,21137,1.0,2
848,27966,1.0,3
848,12341,1.0,4
848,44632,1.0,5
848,41950,1.0,6
848,30233,1.0,7
848,27156,1.0,8
848,22963,1.0,9
848,3957,1.0,10
848,43295,1.0,11
848,23375,1.0,12
848,13740,1.0,13
848,7485,1.0,14
848,19821,1.0,15
848,5322,1.0,16
848,35383,1.0,17
848,7559,1.0,18
848,18811,1.0,19
848,29926,1.0,20
852,24852,1.0,1
852,21137,1.0,2
852,47209,1.0,3
852,47766,1.0,4
852,45007,1.0,5
852,12341,1.0,6
852,17794,1.0,7
852,28985,1.0,8
852,34126,1.0,9
852,30489,1.0,10
852,34969,1.0,11
852,10749,1.0,12
852,44142,1.0,13
852,9387,1.0,14
852,34358,1.0,15
852,5025,1.0,16
852,8193,1.0,17
852,5818,1.0,18
852,25931,1.0,19
852,31553,1.0,20
854,24852,1.0,1
854,13176,1.0,2
854,47766,1.0,3
854,26209,1.0,4
854,47626,1.0,5
854,49683,1.0,6
854,45007,1.0,7
854,17794,1.0,8
854,44359,1.0,9
854,19057,1.0,10
854,26604,1.0,11
854,31506,1.0,12
854,21938,1.0,13
854,39877,1.0,14
854,9839,1.0,15
854,27521,1.0,16
854,20114,1.0,17
854,18465,1.0,18
854,39928,1.0,19
854,5785,1.0,20
857,13176,1.0,1
857,21137,1.0,2
857,47209,1.0,3
857,16797,1.0,4
857,27966,1.0,5
857,39275,1.0,6
857,49235,1.0,7
857,22035,1.0,8
857,27086,1.0,9
857,16759,1.0,10
857,43122,1.0,11
857,22825,1.0,12
857,44910,1.0,13
857,32655,1.0,14
857,42828,1.0,15
857,38159,1.0,16
857,38689,1.0,17
857,9339,1.0,18
857,36011,1.0,19
857,23029,1.0,20
868,24852,1.0,1
868,21903,1.0,2
868,27845,1.0,3
868,49683,1.0,4
868,22935,1.0,5
868,45007,1.0,6
868,49235,1.0,7
868,27086,1.0,8
868,21938,1.0,9
868,43961,1.0,10
868,43122,1.0,11
868,5785,1.0,12
868,42585,1.0,13
868,37687,1.0,14
868,34358,1.0,15
868,20995,1.0,16
868,8193,1.0,17
868,31343,1.0,18
868,38777,1.0,19
868,28849,1.0,20
879,24852,1.0,1
879,13176,1.0,2
879,21137,1.0,3
879,21903,1.0,4
879,47209,1.0,5
879,16797,1.0,6
879,27966,1.0,7
879,22935,1.0,8
879,30391,1.0,9
879,40706,1.0,10
879,5876,1.0,11
879,21616,1.0,12
879,49235,1.0,13
879,8277,1.0,14
879,44632,1.0,15
879,8518,1.0,16
879,42265,1.0,17
879,44359,1.0,18
879,27104,1.0,19
879,43352,1.0,20
880,13176,1.0,1
880,21137,1.0,2
880,47209,1.0,3
880,27966,1.0,4
880,24964,1.0,5
880,22935,1.0,6
880,39275,1.0,7
880,30391,1.0,8
880,40706,1.0,9
880,5876,1.0,10
880,17794,1.0,11
880,8277,1.0,12
880,8518,1.0,13
880,31717,1.0,14
880,19057,1.0,15
880,34126,1.0,16
880,33198,1.0,17
880,34243,1.0,18
880,38383,1.0,19
880,19678,1.0,20
898,24852,1.0,1
898,47209,1.0,2
898,47766,1.0,3
898,49683,1.0,4
898,22935,1.0,5
898,17794,1.0,6
898,49235,1.0,7
898,45066,1.0,8
898,28985,1.0,9
898,26604,1.0,10
898,15290,1.0,11
898,8859,1.0,12
898,22963,1.0,13
898,5212,1.0,14
898,47734,1.0,15
898,42342,1.0,16
898,28289,1.0,17
898,44683,1.0,18
898,14462,1.0,19
898,17949,1.0,20
90,47144,1.0,1
90,23909,1.0,2
90,47977,1.0,3
90,49520,1.0,4
90,43295,1.0,5
90,13740,1.0,6
90,43713,1.0,7
90,36316,1.0,8
90,5322,1.0,9
90,13249,1.0,10
90,43263,1.0,11
90,18352,1.0,12
90,17224,1.0,13
90,32293,1.0,14
90,24852,0.0,15
90,13176,0.0,16
90,21137,0.0,17
90,21903,0.0,18
90,47209,0.0,19
90,47766,0.0,20
933,26209,1.0,1
933,47626,1.0,2
933,45007,1.0,3
933,30391,1.0,4
933,40706,1.0,5
933,4605,1.0,6
933,30489,1.0,7
933,31506,1.0,8
933,24838,1.0,9
933,28842,1.0,10
933,29487,1.0,11
933,44142,1.0,12
933,8424,1.0,13
933,20114,1.0,14
933,9387,1.0,15
933,5025,1.0,16
933,31553,1.0,17
933,16953,1.0,18
933,6046,1.0,19
933,40332,1.0,20
947,24852,1.0,1
947,13176,1.0,2
947,21137,1.0,3
947,47766,1.0,4
947,47626,1.0,5
947,27966,1.0,6
947,22935,1.0,7
947,28204,1.0,8
947,5876,1.0,9
947,8518,1.0,10
947,31717,1.0,11
947,19057,1.0,12
947,24184,1.0,13
947,21938,1.0,14
947,8424,1.0,15
947,30233,1.0,16
947,46802,1.0,17
947,39928,1.0,18
947,33198,1.0,19
947,8174,1.0,20
957,13176,1.0,1
957,21903,1.0,2
957,47209,1.0,3
957,27966,1.0,4
957,39275,1.0,5
957,30391,1.0,6
957,40706,1.0,7
957,5876,1.0,8
957,21616,1.0,9
957,37646,1.0,10
957,44359,1.0,11
957,46667,1.0,12
957,34126,1.0,13
957,39877,1.0,14
957,27521,1.0,15
957,38383,1.0,16
957,42768,1.0,17
957,26940,1.0,18
957,39984,1.0,19
957,36695,1.0,20
958,24852,1.0,1
958,13176,1.0,2
958,21137,1.0,3
958,21903,1.0,4
958,16797,1.0,5
958,26209,1.0,6
958,47626,1.0,7
958,27966,1.0,8
958,49683,1.0,9
958,22935,1.0,10
958,39275,1.0,11
958,17794,1.0,12
958,4605,1.0,13
958,49235,1.0,14
958,8277,1.0,15
958,42265,1.0,16
958,4920,1.0,17
958,45066,1.0,18
958,19057,1.0,19
958,46979,1.0,20
968,24852,1.0,1
968,21137,1.0,2
968,47209,1.0,3
968,47766,1.0,4
968,26209,1.0,5
968,28204,1.0,6
968,40706,1.0,7
968,42265,1.0,8
968,4920,1.0,9
968,45066,1.0,10
968,31717,1.0,11
968,43961,1.0,12
968,10749,1.0,13
968,44142,1.0,14
968,28199,1.0,15
968,27156,1.0,16
968,2295,1.0,17
968,5785,1.0,18
968,22825,1.0,19
968,40571,1.0,20
984,13176,1.0,1
984,21137,1.0,2
984,21903,1.0,3
984,47209,1.0,4
984,47766,1.0,5
984,16797,1.0,6
984,39275,1.0,7
984,28204,1.0,8
984,5876,1.0,9
984,37646,1.0,10
984,46979,1.0,11
984,5077,1.0,12
984,26604,1.0,13
984,44142,1.0,14
984,27156,1.0,15
984,6184,1.0,16
984,25931,1.0,17
984,25146,1.0,18
984,16953,1.0,19
984,46654,1.0,20
