Model,Test_MAE,Test_RMSE,Test_R2,MAPE_%,Train_MAE,Train_RMSE,Train_R2
XGBoost,15045.40625,25100.92014249677,0.9214153289794922,8.039901265900639,10670.2802734375,14818.714654112211,0.9630669355392456
Gradient Boosting,15165.19874097609,25928.421635336792,0.9161485463768616,8.058140960669773,11235.027801460212,15312.875691662897,0.9605626559048976
Random Forest,15729.689631053605,26827.566612318897,0.9102321137908158,8.530713895440975,6510.445475364677,11962.472485841718,0.9759322190836007
Tuned XGBoost,15757.56857044074,26925.076778970768,0.9095783691222175,8.511367383660609,6101.709596393373,9993.931714355334,0.9832016393446565
Ridge,16186.784198119667,28896.35514693163,0.8958535267923167,8.772376595478375,13737.703521314348,20470.24095799092,0.929524193345826
Elastic Net,16243.896372813817,28923.282174036416,0.8956593388741717,8.777975451109288,13794.938825095978,20635.378151130728,0.9283825242688192
Lasso,15868.93480857456,29253.396140832854,0.8932639763245415,9.182912647053202,13141.075634598936,18986.061421198203,0.9393733029038016
Linear Regression,16007.378340863686,29615.375197934256,0.8906061484542798,9.277958648099558,13125.109938050193,18980.975868544454,0.9394057771448325
Decision Tree,22329.606572682496,32284.943124015175,0.8699954697492053,12.586851435876657,17984.2210973803,25324.263639508485,0.8921381666014517
