case_id,true_label,predicted_label,classification_correct,relevance_1_5,faithfulness_1_5,tone_1_5,completeness_1_5,safety_privacy_1_5,unsupported_fact_count,human_edit_required,reviewer_notes
case-01,,,,,,,,,,,
case-02,,,,,,,,,,,
case-03,,,,,,,,,,,
case-04,,,,,,,,,,,
case-05,,,,,,,,,,,
case-06,,,,,,,,,,,
case-07,,,,,,,,,,,
case-08,,,,,,,,,,,
case-09,,,,,,,,,,,
case-10,,,,,,,,,,,
case-11,,,,,,,,,,,
case-12,,,,,,,,,,,
case-13,,,,,,,,,,,
case-14,,,,,,,,,,,
case-15,,,,,,,,,,,
case-16,,,,,,,,,,,
case-17,,,,,,,,,,,
case-18,,,,,,,,,,,
