Date,incidents
2001-01-01,18
2001-01-08,113
2001-01-15,127
2001-01-22,132
2001-01-29,118
2001-02-05,115
2001-02-12,115
2001-02-19,126
2001-02-26,115
2001-03-05,125
2001-03-12,122
2001-03-19,125
2001-03-26,127
2001-04-02,140
2001-04-09,104
2001-04-16,102
2001-04-23,116
2001-04-30,135
2001-05-07,144
2001-05-14,116
2001-05-21,117
2001-05-28,118
2001-06-04,123
2001-06-11,133
2001-06-18,131
2001-06-25,111
2001-07-02,128
2001-07-09,131
2001-07-16,116
2001-07-23,111
2001-07-30,140
2001-08-06,150
2001-08-13,120
2001-08-20,131
2001-08-27,132
2001-09-03,156
2001-09-10,129
2001-09-17,111
2001-09-24,150
2001-10-01,156
2001-10-08,109
2001-10-15,146
2001-10-22,142
2001-10-29,142
2001-11-05,155
2001-11-12,131
2001-11-19,137
2001-11-26,141
2001-12-03,129
2001-12-10,131
2001-12-17,136
2001-12-24,139
2001-12-31,95
2002-01-07,119
2002-01-14,135
2002-01-21,98
2002-01-28,110
2002-02-04,127
2002-02-11,101
2002-02-18,96
2002-02-25,105
2002-03-04,110
2002-03-11,135
2002-03-18,106
2002-03-25,136
2002-04-01,129
2002-04-08,121
2002-04-15,108
2002-04-22,111
2002-04-29,141
2002-05-06,132
2002-05-13,142
2002-05-20,117
2002-05-27,133
2002-06-03,169
2002-06-10,107
2002-06-17,144
2002-06-24,133
2002-07-01,135
2002-07-08,138
2002-07-15,148
2002-07-22,146
2002-07-29,139
2002-08-05,127
2002-08-12,147
2002-08-19,134
2002-08-26,135
2002-09-02,116
2002-09-09,108
2002-09-16,120
2002-09-23,119
2002-09-30,129
2002-10-07,123
2002-10-14,112
2002-10-21,125
2002-10-28,124
2002-11-04,141
2002-11-11,145
2002-11-18,109
2002-11-25,126
2002-12-02,128
2002-12-09,106
2002-12-16,148
2002-12-23,145
2002-12-30,125
2003-01-06,155
2003-01-13,109
2003-01-20,106
2003-01-27,105
2003-02-03,128
2003-02-10,114
2003-02-17,127
2003-02-24,121
2003-03-03,115
2003-03-10,103
2003-03-17,108
2003-03-24,106
2003-03-31,114
2003-04-07,121
2003-04-14,118
2003-04-21,112
2003-04-28,115
2003-05-05,129
2003-05-12,125
2003-05-19,118
2003-05-26,108
2003-06-02,119
2003-06-09,116
2003-06-16,138
2003-06-23,118
2003-06-30,140
2003-07-07,120
2003-07-14,141
2003-07-21,158
2003-07-28,153
2003-08-04,157
2003-08-11,141
2003-08-18,155
2003-08-25,108
2003-09-01,138
2003-09-08,114
2003-09-15,118
2003-09-22,120
2003-09-29,112
2003-10-06,121
2003-10-13,123
2003-10-20,122
2003-10-27,122
2003-11-03,115
2003-11-10,117
2003-11-17,107
2003-11-24,123
2003-12-01,141
2003-12-08,123
2003-12-15,142
2003-12-22,129
2003-12-29,114
2004-01-05,133
2004-01-12,113
2004-01-19,104
2004-01-26,110
2004-02-02,125
2004-02-09,96
2004-02-16,105
2004-02-23,99
2004-03-01,108
2004-03-08,105
2004-03-15,108
2004-03-22,118
2004-03-29,109
2004-04-05,144
2004-04-12,105
2004-04-19,124
2004-04-26,100
2004-05-03,99
2004-05-10,113
2004-05-17,130
2004-05-24,109
2004-05-31,122
2004-06-07,140
2004-06-14,122
2004-06-21,118
2004-06-28,142
2004-07-05,142
2004-07-12,133
2004-07-19,148
2004-07-26,113
2004-08-02,116
2004-08-09,107
2004-08-16,128
2004-08-23,131
2004-08-30,140
2004-09-06,132
2004-09-13,127
2004-09-20,131
2004-09-27,120
2004-10-04,145
2004-10-11,124
2004-10-18,147
2004-10-25,142
2004-11-01,112
2004-11-08,119
2004-11-15,146
2004-11-22,131
2004-11-29,118
2004-12-06,138
2004-12-13,145
2004-12-20,115
2004-12-27,83
2005-01-03,118
2005-01-10,91
2005-01-17,108
2005-01-24,84
2005-01-31,83
2005-02-07,96
2005-02-14,82
2005-02-21,115
2005-02-28,94
2005-03-07,121
2005-03-14,111
2005-03-21,109
2005-03-28,110
2005-04-04,99
2005-04-11,96
2005-04-18,99
2005-04-25,99
2005-05-02,112
2005-05-09,115
2005-05-16,106
2005-05-23,118
2005-05-30,116
2005-06-06,110
2005-06-13,99
2005-06-20,123
2005-06-27,123
2005-07-04,138
2005-07-11,126
2005-07-18,130
2005-07-25,133
2005-08-01,117
2005-08-08,128
2005-08-15,106
2005-08-22,114
2005-08-29,134
2005-09-05,126
2005-09-12,122
2005-09-19,102
2005-09-26,107
2005-10-03,133
2005-10-10,116
2005-10-17,119
2005-10-24,124
2005-10-31,105
2005-11-07,124
2005-11-14,112
2005-11-21,102
2005-11-28,124
2005-12-05,113
2005-12-12,97
2005-12-19,107
2005-12-26,123
2006-01-02,128
2006-01-09,116
2006-01-16,103
2006-01-23,106
2006-01-30,108
2006-02-06,106
2006-02-13,98
2006-02-20,75
2006-02-27,91
2006-03-06,91
2006-03-13,81
2006-03-20,98
2006-03-27,117
2006-04-03,119
2006-04-10,136
2006-04-17,117
2006-04-24,111
2006-05-01,121
2006-05-08,104
2006-05-15,116
2006-05-22,107
2006-05-29,109
2006-06-05,102
2006-06-12,108
2006-06-19,114
2006-06-26,115
2006-07-03,119
2006-07-10,96
2006-07-17,116
2006-07-24,127
2006-07-31,131
2006-08-07,138
2006-08-14,129
2006-08-21,107
2006-08-28,121
2006-09-04,125
2006-09-11,135
2006-09-18,116
2006-09-25,130
2006-10-02,120
2006-10-09,131
2006-10-16,112
2006-10-23,112
2006-10-30,122
2006-11-06,117
2006-11-13,105
2006-11-20,101
2006-11-27,117
2006-12-04,96
2006-12-11,100
2006-12-18,111
2006-12-25,102
2007-01-01,145
2007-01-08,103
2007-01-15,100
2007-01-22,94
2007-01-29,85
2007-02-05,79
2007-02-12,78
2007-02-19,67
2007-02-26,83
2007-03-05,97
2007-03-12,93
2007-03-19,126
2007-03-26,104
2007-04-02,116
2007-04-09,103
2007-04-16,94
2007-04-23,106
2007-04-30,111
2007-05-07,115
2007-05-14,94
2007-05-21,99
2007-05-28,96
2007-06-04,104
2007-06-11,111
2007-06-18,125
2007-06-25,127
2007-07-02,113
2007-07-09,123
2007-07-16,135
2007-07-23,134
2007-07-30,130
2007-08-06,117
2007-08-13,100
2007-08-20,132
2007-08-27,93
2007-09-03,136
2007-09-10,108
2007-09-17,103
2007-09-24,120
2007-10-01,123
2007-10-08,103
2007-10-15,131
2007-10-22,121
2007-10-29,133
2007-11-05,107
2007-11-12,138
2007-11-19,116
2007-11-26,97
2007-12-03,109
2007-12-10,104
2007-12-17,108
2007-12-24,119
2007-12-31,93
2008-01-07,124
2008-01-14,119
2008-01-21,99
2008-01-28,83
2008-02-04,75
2008-02-11,98
2008-02-18,85
2008-02-25,88
2008-03-03,105
2008-03-10,73
2008-03-17,92
2008-03-24,99
2008-03-31,109
2008-04-07,101
2008-04-14,111
2008-04-21,114
2008-04-28,124
2008-05-05,102
2008-05-12,128
2008-05-19,114
2008-05-26,85
2008-06-02,120
2008-06-09,102
2008-06-16,131
2008-06-23,113
2008-06-30,137
2008-07-07,91
2008-07-14,104
2008-07-21,131
2008-07-28,127
2008-08-04,109
2008-08-11,128
2008-08-18,118
2008-08-25,127
2008-09-01,132
2008-09-08,118
2008-09-15,124
2008-09-22,120
2008-09-29,109
2008-10-06,128
2008-10-13,128
2008-10-20,114
2008-10-27,131
2008-11-03,116
2008-11-10,108
2008-11-17,106
2008-11-24,123
2008-12-01,107
2008-12-08,127
2008-12-15,130
2008-12-22,116
2008-12-29,99
2009-01-05,117
2009-01-12,85
2009-01-19,71
2009-01-26,107
2009-02-02,89
2009-02-09,117
2009-02-16,101
2009-02-23,85
2009-03-02,95
2009-03-09,94
2009-03-16,78
2009-03-23,98
2009-03-30,114
2009-04-06,113
2009-04-13,112
2009-04-20,103
2009-04-27,120
2009-05-04,123
2009-05-11,100
2009-05-18,121
2009-05-25,99
2009-06-01,128
2009-06-08,97
2009-06-15,104
2009-06-22,119
2009-06-29,118
2009-07-06,125
2009-07-13,93
2009-07-20,127
2009-07-27,134
2009-08-03,114
2009-08-10,112
2009-08-17,120
2009-08-24,97
2009-08-31,123
2009-09-07,111
2009-09-14,115
2009-09-21,72
2009-09-28,96
2009-10-05,110
2009-10-12,108
2009-10-19,92
2009-10-26,99
2009-11-02,101
2009-11-09,108
2009-11-16,106
2009-11-23,101
2009-11-30,101
2009-12-07,94
2009-12-14,124
2009-12-21,114
2009-12-28,63
2010-01-04,111
2010-01-11,107
2010-01-18,99
2010-01-25,79
2010-02-01,98
2010-02-08,77
2010-02-15,53
2010-02-22,99
2010-03-01,85
2010-03-08,75
2010-03-15,96
2010-03-22,110
2010-03-29,88
2010-04-05,89
2010-04-12,111
2010-04-19,74
2010-04-26,95
2010-05-03,80
2010-05-10,82
2010-05-17,100
2010-05-24,72
2010-05-31,83
2010-06-07,94
2010-06-14,76
2010-06-21,91
2010-06-28,85
2010-07-05,87
2010-07-12,84
2010-07-19,91
2010-07-26,86
2010-08-02,95
2010-08-09,96
2010-08-16,97
2010-08-23,94
2010-08-30,113
2010-09-06,92
2010-09-13,89
2010-09-20,92
2010-09-27,96
2010-10-04,100
2010-10-11,94
2010-10-18,83
2010-10-25,88
2010-11-01,96
2010-11-08,83
2010-11-15,81
2010-11-22,80
2010-11-29,81
2010-12-06,77
2010-12-13,76
2010-12-20,64
2010-12-27,78
2011-01-03,77
2011-01-10,70
2011-01-17,65
2011-01-24,74
2011-01-31,67
2011-02-07,55
2011-02-14,64
2011-02-21,83
2011-02-28,83
2011-03-07,87
2011-03-14,83
2011-03-21,89
2011-03-28,90
2011-04-04,86
2011-04-11,98
2011-04-18,92
2011-04-25,73
2011-05-02,99
2011-05-09,107
2011-05-16,95
2011-05-23,95
2011-05-30,83
2011-06-06,108
2011-06-13,111
2011-06-20,118
2011-06-27,116
2011-07-04,101
2011-07-11,111
2011-07-18,125
2011-07-25,86
2011-08-01,110
2011-08-08,103
2011-08-15,113
2011-08-22,98
2011-08-29,102
2011-09-05,99
2011-09-12,106
2011-09-19,106
2011-09-26,87
2011-10-03,87
2011-10-10,87
2011-10-17,96
2011-10-24,72
2011-10-31,81
2011-11-07,96
2011-11-14,85
2011-11-21,91
2011-11-28,92
2011-12-05,76
2011-12-12,98
2011-12-19,82
2011-12-26,97
2012-01-02,85
2012-01-09,100
2012-01-16,70
2012-01-23,83
2012-01-30,82
2012-02-06,71
2012-02-13,74
2012-02-20,66
2012-02-27,78
2012-03-05,68
2012-03-12,89
2012-03-19,74
2012-03-26,82
2012-04-02,87
2012-04-09,77
2012-04-16,89
2012-04-23,87
2012-04-30,90
2012-05-07,88
2012-05-14,76
2012-05-21,100
2012-05-28,83
2012-06-04,71
2012-06-11,91
2012-06-18,99
2012-06-25,71
2012-07-02,110
2012-07-09,95
2012-07-16,92
2012-07-23,94
2012-07-30,98
2012-08-06,92
2012-08-13,94
2012-08-20,91
2012-08-27,99
2012-09-03,78
2012-09-10,101
2012-09-17,73
2012-09-24,92
2012-10-01,97
2012-10-08,91
2012-10-15,95
2012-10-22,111
2012-10-29,91
2012-11-05,68
2012-11-12,99
2012-11-19,77
2012-11-26,119
2012-12-03,96
2012-12-10,91
2012-12-17,101
2012-12-24,87
2012-12-31,64
2013-01-07,77
2013-01-14,84
2013-01-21,67
2013-01-28,85
2013-02-04,73
2013-02-11,89
2013-02-18,62
2013-02-25,82
2013-03-04,84
2013-03-11,68
2013-03-18,73
2013-03-25,86
2013-04-01,75
2013-04-08,80
2013-04-15,85
2013-04-22,83
2013-04-29,83
2013-05-06,75
2013-05-13,76
2013-05-20,90
2013-05-27,87
2013-06-03,117
2013-06-10,99
2013-06-17,114
2013-06-24,103
2013-07-01,96
2013-07-08,100
2013-07-15,100
2013-07-22,91
2013-07-29,90
2013-08-05,104
2013-08-12,90
2013-08-19,116
2013-08-26,108
2013-09-02,100
2013-09-09,116
2013-09-16,87
2013-09-23,93
2013-09-30,97
2013-10-07,84
2013-10-14,81
2013-10-21,91
2013-10-28,86
2013-11-04,82
2013-11-11,86
2013-11-18,87
2013-11-25,63
2013-12-02,74
2013-12-09,79
2013-12-16,82
2013-12-23,88
2013-12-30,62
2014-01-06,45
2014-01-13,58
2014-01-20,70
2014-01-27,51
2014-02-03,60
2014-02-10,66
2014-02-17,63
2014-02-24,67
2014-03-03,57
2014-03-10,78
2014-03-17,61
2014-03-24,98
2014-03-31,80
2014-04-07,88
2014-04-14,69
2014-04-21,80
2014-04-28,67
2014-05-05,76
2014-05-12,90
2014-05-19,84
2014-05-26,70
2014-06-02,77
2014-06-09,79
2014-06-16,86
2014-06-23,84
2014-06-30,84
2014-07-07,87
2014-07-14,92
2014-07-21,86
2014-07-28,69
2014-08-04,67
2014-08-11,85
2014-08-18,76
2014-08-25,73
2014-09-01,120
2014-09-08,84
2014-09-15,80
2014-09-22,85
2014-09-29,100
2014-10-06,84
2014-10-13,84
2014-10-20,90
2014-10-27,75
2014-11-03,82
2014-11-10,80
2014-11-17,79
2014-11-24,67
2014-12-01,65
2014-12-08,50
2014-12-15,69
2014-12-22,76
2014-12-29,48
2015-01-05,51
2015-01-12,53
2015-01-19,73
2015-01-26,59
2015-02-02,73
2015-02-09,51
2015-02-16,41
2015-02-23,57
2015-03-02,47
2015-03-09,54
2015-03-16,61
2015-03-23,53
2015-03-30,73
2015-04-06,59
2015-04-13,78
2015-04-20,69
2015-04-27,70
2015-05-04,80
2015-05-11,65
2015-05-18,70
2015-05-25,65
2015-06-01,61
2015-06-08,74
2015-06-15,82
2015-06-22,73
2015-06-29,64
2015-07-06,64
2015-07-13,73
2015-07-20,73
2015-07-27,64
2015-08-03,60
2015-08-10,61
2015-08-17,79
2015-08-24,69
2015-08-31,55
2015-09-07,74
2015-09-14,48
2015-09-21,67
2015-09-28,75
2015-10-05,76
2015-10-12,60
2015-10-19,71
2015-10-26,66
2015-11-02,69
2015-11-09,75
2015-11-16,56
2015-11-23,52
2015-11-30,58
2015-12-07,68
2015-12-14,71
2015-12-21,73
2015-12-28,60
2016-01-04,44
2016-01-11,47
2016-01-18,52
2016-01-25,66
2016-02-01,66
2016-02-08,62
2016-02-15,45
2016-02-22,63
2016-02-29,68
2016-03-07,60
2016-03-14,58
2016-03-21,55
2016-03-28,55
2016-04-04,71
2016-04-11,48
2016-04-18,62
2016-04-25,61
2016-05-02,63
2016-05-09,70
2016-05-16,75
2016-05-23,69
2016-05-30,61
2016-06-06,63
2016-06-13,75
2016-06-20,74
2016-06-27,96
2016-07-04,67
2016-07-11,86
2016-07-18,76
2016-07-25,86
2016-08-01,80
2016-08-08,75
2016-08-15,92
2016-08-22,78
2016-08-29,78
2016-09-05,71
2016-09-12,53
2016-09-19,91
2016-09-26,79
2016-10-03,71
2016-10-10,64
2016-10-17,76
2016-10-24,68
2016-10-31,73
2016-11-07,63
2016-11-14,60
2016-11-21,58
2016-11-28,53
2016-12-05,68
2016-12-12,63
2016-12-19,53
2016-12-26,52
2017-01-02,49
2017-01-09,46
2017-01-16,53
2017-01-23,68
2017-01-30,68
2017-02-06,64
2017-02-13,68
2017-02-20,70
2017-02-27,65
2017-03-06,58
2017-03-13,55
2017-03-20,56
2017-03-27,58
2017-04-03,51
2017-04-10,51
2017-04-17,56
2017-04-24,73
2017-05-01,50
2017-05-08,44
2017-05-15,54
2017-05-22,52
2017-05-29,59
2017-06-05,68
2017-06-12,61
2017-06-19,64
2017-06-26,53
2017-07-03,50
2017-07-10,67
2017-07-17,55
2017-07-24,65
2017-07-31,55
2017-08-07,64
2017-08-14,68
2017-08-21,75
2017-08-28,63
2017-09-04,79
2017-09-11,65
2017-09-18,71
2017-09-25,65
2017-10-02,48
2017-10-09,56
2017-10-16,64
2017-10-23,84
2017-10-30,76
2017-11-06,49
2017-11-13,57
2017-11-20,62
2017-11-27,69
2017-12-04,67
2017-12-11,62
2017-12-18,58
2017-12-25,80
2018-01-01,34
2018-01-08,48
2018-01-15,76
2018-01-22,67
2018-01-29,58
2018-02-05,52
2018-02-12,41
2018-02-19,56
2018-02-26,70
2018-03-05,58
2018-03-12,66
2018-03-19,61
2018-03-26,65
2018-04-02,66
2018-04-09,61
2018-04-16,76
2018-04-23,49
2018-04-30,59
2018-05-07,81
2018-05-14,71
2018-05-21,65
2018-05-28,82
2018-06-04,71
2018-06-11,77
2018-06-18,78
2018-06-25,69
2018-07-02,78
2018-07-09,77
2018-07-16,66
2018-07-23,86
2018-07-30,79
2018-08-06,83
2018-08-13,72
2018-08-20,57
2018-08-27,66
2018-09-03,61
2018-09-10,72
2018-09-17,71
2018-09-24,80
2018-10-01,77
2018-10-08,52
2018-10-15,68
2018-10-22,54
2018-10-29,64
2018-11-05,81
2018-11-12,63
2018-11-19,67
2018-11-26,53
2018-12-03,83
2018-12-10,66
2018-12-17,56
2018-12-24,73
2018-12-31,46
2019-01-07,70
2019-01-14,56
2019-01-21,54
2019-01-28,49
2019-02-04,55
2019-02-11,67
2019-02-18,54
2019-02-25,45
2019-03-04,70
2019-03-11,40
2019-03-18,47
2019-03-25,52
2019-04-01,64
2019-04-08,60
2019-04-15,51
2019-04-22,36
2019-04-29,58
2019-05-06,64
2019-05-13,51
2019-05-20,58
2019-05-27,65
2019-06-03,62
2019-06-10,55
2019-06-17,53
2019-06-24,61
2019-07-01,59
2019-07-08,64
2019-07-15,47
2019-07-22,74
2019-07-29,82
2019-08-05,75
2019-08-12,90
2019-08-19,69
2019-08-26,89
2019-09-02,82
2019-09-09,68
2019-09-16,61
2019-09-23,48
2019-09-30,56
2019-10-07,59
2019-10-14,66
2019-10-21,65
2019-10-28,77
2019-11-04,51
2019-11-11,63
2019-11-18,78
2019-11-25,51
2019-12-02,52
2019-12-09,73
2019-12-16,67
2019-12-23,64
2019-12-30,50
2020-01-06,58
2020-01-13,60
2020-01-20,54
2020-01-27,65
2020-02-03,68
2020-02-10,60
2020-02-17,59
2020-02-24,57
2020-03-02,50
2020-03-09,48
2020-03-16,49
2020-03-23,35
2020-03-30,41
2020-04-06,36
2020-04-13,40
2020-04-20,48
2020-04-27,49
2020-05-04,39
2020-05-11,45
2020-05-18,43
2020-05-25,28
2020-06-01,32
2020-06-08,43
2020-06-15,39
2020-06-22,52
2020-06-29,47
2020-07-06,39
2020-07-13,38
2020-07-20,43
2020-07-27,50
2020-08-03,47
2020-08-10,36
2020-08-17,32
2020-08-24,46
2020-08-31,60
2020-09-07,34
2020-09-14,51
2020-09-21,33
2020-09-28,34
2020-10-05,32
2020-10-12,31
2020-10-19,29
2020-10-26,40
2020-11-02,41
2020-11-09,36
2020-11-16,30
2020-11-23,54
2020-11-30,45
2020-12-07,34
2020-12-14,49
2020-12-21,42
2020-12-28,33
2021-01-04,28
2021-01-11,33
2021-01-18,36
2021-01-25,35
2021-02-01,20
2021-02-08,29
2021-02-15,27
2021-02-22,34
2021-03-01,32
2021-03-08,43
2021-03-15,27
2021-03-22,34
2021-03-29,32
2021-04-05,34
2021-04-12,39
2021-04-19,31
2021-04-26,32
2021-05-03,29
2021-05-10,28
2021-05-17,40
2021-05-24,32
2021-05-31,46
2021-06-07,31
2021-06-14,39
2021-06-21,35
2021-06-28,30
2021-07-05,36
2021-07-12,37
2021-07-19,46
2021-07-26,57
2021-08-02,56
2021-08-09,43
2021-08-16,45
2021-08-23,51
2021-08-30,47
2021-09-06,54
2021-09-13,45
2021-09-20,48
2021-09-27,60
2021-10-04,49
2021-10-11,53
2021-10-18,42
2021-10-25,47
2021-11-01,46
2021-11-08,41
2021-11-15,48
2021-11-22,61
2021-11-29,45
2021-12-06,54
2021-12-13,59
2021-12-20,50
2021-12-27,50
2022-01-03,38
2022-01-10,43
2022-01-17,50
2022-01-24,34
2022-01-31,61
2022-02-07,24
2022-02-14,55
2022-02-21,51
2022-02-28,45
2022-03-07,48
2022-03-14,48
2022-03-21,61
2022-03-28,55
2022-04-04,32
2022-04-11,57
2022-04-18,60
2022-04-25,59
2022-05-02,62
2022-05-09,63
2022-05-16,60
2022-05-23,57
2022-05-30,56
2022-06-06,62
2022-06-13,58
2022-06-20,60
2022-06-27,60
2022-07-04,54
2022-07-11,50
2022-07-18,65
2022-07-25,56
2022-08-01,72
2022-08-08,59
2022-08-15,73
2022-08-22,66
2022-08-29,72
2022-09-05,75
2022-09-12,75
2022-09-19,50
2022-09-26,68
2022-10-03,48
2022-10-10,55
2022-10-17,70
2022-10-24,64
2022-10-31,60
2022-11-07,57
2022-11-14,55
2022-11-21,45
2022-11-28,66
2022-12-05,61
2022-12-12,70
2022-12-19,58
2022-12-26,60
2023-01-02,54
2023-01-09,51
2023-01-16,55
2023-01-23,63
2023-01-30,50
2023-02-06,85
2023-02-13,68
2023-02-20,54
2023-02-27,49
2023-03-06,58
2023-03-13,50
2023-03-20,58
2023-03-27,49
2023-04-03,49
2023-04-10,48
2023-04-17,34
2023-04-24,59
2023-05-01,44
2023-05-08,70
2023-05-15,48
2023-05-22,58
2023-05-29,64
2023-06-05,53
2023-06-12,65
2023-06-19,65
2023-06-26,88
2023-07-03,70
2023-07-10,69
2023-07-17,70
2023-07-24,68
2023-07-31,69
2023-08-07,66
2023-08-14,62
2023-08-21,87
2023-08-28,61
2023-09-04,45
2023-09-11,67
2023-09-18,58
2023-09-25,66
2023-10-02,62
2023-10-09,74
2023-10-16,78
2023-10-23,56
2023-10-30,54
2023-11-06,48
2023-11-13,58
2023-11-20,52
2023-11-27,67
2023-12-04,60
2023-12-11,59
2023-12-18,53
2023-12-25,64
2024-01-01,65
2024-01-08,74
2024-01-15,44
2024-01-22,28
2024-01-29,65
2024-02-05,42
2024-02-12,55
2024-02-19,51
2024-02-26,58
2024-03-04,49
2024-03-11,56
2024-03-18,61
2024-03-25,58
2024-04-01,64
2024-04-08,45
2024-04-15,37
2024-04-22,57
2024-04-29,49
2024-05-06,47
2024-05-13,59
2024-05-20,49
2024-05-27,58
2024-06-03,66
2024-06-10,62
2024-06-17,69
2024-06-24,61
2024-07-01,61
2024-07-08,80
2024-07-15,75
2024-07-22,80
2024-07-29,72
2024-08-05,72
2024-08-12,65
2024-08-19,55
2024-08-26,59
2024-09-02,63
2024-09-09,65
2024-09-16,66
2024-09-23,66
2024-09-30,70
2024-10-07,75
2024-10-14,62
2024-10-21,46
2024-10-28,62
2024-11-04,76
2024-11-11,68
2024-11-18,57
2024-11-25,73
2024-12-02,51
2024-12-09,66
2024-12-16,54
2024-12-23,65
2024-12-30,49
2025-01-06,54
2025-01-13,58
2025-01-20,61
2025-01-27,48
2025-02-03,61
2025-02-10,43
2025-02-17,49
2025-02-24,64
2025-03-03,67
2025-03-10,67
2025-03-17,69
2025-03-24,65
2025-03-31,60
2025-04-07,52
2025-04-14,59
2025-04-21,65
2025-04-28,66
2025-05-05,63
2025-05-12,50
2025-05-19,52
2025-05-26,73
2025-06-02,48
2025-06-09,53
2025-06-16,65
2025-06-23,70
2025-06-30,56
2025-07-07,67
2025-07-14,50
2025-07-21,69
2025-07-28,65
2025-08-04,56
2025-08-11,52
2025-08-18,80
2025-08-25,82
2025-09-01,66
2025-09-08,56
2025-09-15,67
2025-09-22,60
2025-09-29,64
2025-10-06,53
2025-10-13,48
2025-10-20,68
2025-10-27,80
2025-11-03,66
2025-11-10,49
2025-11-17,62
2025-11-24,42
2025-12-01,51
2025-12-08,41
2025-12-15,50
2025-12-22,64
2025-12-29,51
2026-01-05,49
2026-01-12,49
2026-01-19,55
2026-01-26,57
2026-02-02,43
2026-02-09,53
2026-02-16,60
2026-02-23,43
2026-03-02,56
2026-03-09,54
2026-03-16,64
2026-03-23,52
2026-03-30,53
2026-04-06,65
2026-04-13,51
2026-04-20,54
2026-04-27,50
2026-05-04,81
2026-05-11,61
2026-05-18,67
2026-05-25,59
2026-06-01,58
2026-06-08,47
2026-06-15,44
2026-06-22,48
2026-06-29,40
2026-07-06,53
2026-07-13,43
2026-07-20,43
2026-07-27,49
2026-08-03,46
2026-08-10,36
2026-08-17,26
2026-08-24,6
